sku;trackOrder;;type_id;created_at;order_state_id;Original_URL;Redirection_URL;estado;cometario;fecha comentario;
M1897856202;https://tracking.goboxful.com?shipment;BFTS-3465-202405318188;19847;11/7/2024 09:51;3;BFTS-3465-202405318188;https://c807xpresssv.dispatchtrack.com/track/625316e51e0c4b82ffd01044;Llego a su destino;CCE;3/6/2024 08:03;
M1917243494;https://tracking.goboxful.com?shipment;BFTS-3465-2024070610169;20084;6/7/2024 17:30;4;BFTS-3465-2024070610169;https://c807xpresssv.dispatchtrack.com/track/f81d0907da34b920c6522e6c;Ingresado al sistema;;6/7/2024 17:30;N
M192022779;https://tracking.goboxful.com?shipment;BFTS-3465-202406138891;20131;5/7/2024 09:57;3;BFTS-3465-202406138891;https://c807xpresssv.dispatchtrack.com/track/9632141845e8297ec4b29b4d;Llego a su destino;CCE;19/6/2024 10:57;N
M1928560901;https://tracking.goboxful.com?shipment;BFTS-3465-202407019843;20233;1/7/2024 11:43;3;BFTS-3465-202407019843;https://c807xpresssv.dispatchtrack.com/track/1d4354559d6c9b37f19e71fb;Ingresado al sistema;;1/7/2024 11:43;N
M1931734512;https://tracking.goboxful.com?shipment;BFTS-3465-202407019827;20288;1/7/2024 07:41;4;BFTS-3465-202407019827;https://c807xpresssv.dispatchtrack.com/track/9fd47255070a05a5dfc4d6e5;Ingresado al sistema;;1/7/2024 07:41;N
M1937916375;https://tracking.goboxful.com?shipment;BFTS-3465-202407029935;20359;2/7/2024 14:10;4;BFTS-3465-202407029935;https://c807xpresssv.dispatchtrack.com/track/32437d4a131ba9dcf71b641e;Ingresado al sistema;;2/7/2024 14:10;N
M1938830891;https://tracking.goboxful.com?shipment;BFTS-3465-202407029937;20368;2/7/2024 14:16;4;BFTS-3465-202407029937;https://c807xpresssv.dispatchtrack.com/track/95164e8ab5b784a487cc537b;Ingresado al sistema;;2/7/2024 14:16;N
M1944160468;https://tracking.goboxful.com?shipment;BFTS-3465-202407029895;20436;2/7/2024 09:15;4;BFTS-3465-202407029895;https://c807xpresssv.dispatchtrack.com/track/ca6ebda7ae7ded92061a6227;Ingresado al sistema;;2/7/2024 09:15;N
M1944658822;https://tracking.goboxful.com?shipment;BFTS-3465-202407019862;20441;1/7/2024 15:18;4;BFTS-3465-202407019862;https://c807xpresssv.dispatchtrack.com/track/03f8e84d53127da0d815b63f;Ingresado al sistema;;1/7/2024 15:18;N
M1944855680;https://tracking.goboxful.com?shipment;BFTS-3465-202407019831;20444;1/7/2024 09:27;3;BFTS-3465-202407019831;https://c807xpresssv.dispatchtrack.com/track/e380e58fec32c63b6822a7ff;Ingresado al sistema;;1/7/2024 09:27;N
M1946251914;https://tracking.goboxful.com?shipment;BFTS-3465-202407019826;20460;1/7/2024 07:29;3;BFTS-3465-202407019826;https://c807xpresssv.dispatchtrack.com/track/181af34d71b2bf749c6e4319;Ingresado al sistema;;1/7/2024 07:29;N
M1946957531;https://tracking.goboxful.com?shipment;BFTS-3465-202407039953;20470;3/7/2024 07:14;3;BFTS-3465-202407039953;https://c807xpresssv.dispatchtrack.com/track/b6af37006eb042cafe48eecf;Ingresado al sistema;;3/7/2024 07:14;N
M1947751914;https://tracking.goboxful.com?shipment;BFTS-3465-202407019828;20479;1/7/2024 08:01;3;BFTS-3465-202407019828;https://c807xpresssv.dispatchtrack.com/track/dacd5c07a61733f26183305c;Ingresado al sistema;;1/7/2024 08:01;N
M1947961915;https://tracking.goboxful.com?shipment;BFTS-3465-202407019844;20485;1/7/2024 11:53;3;BFTS-3465-202407019844;https://c807xpresssv.dispatchtrack.com/track/0088d82fd01033fbba427418;Ingresado al sistema;;1/7/2024 11:53;N
M1948560288;https://tracking.goboxful.com?shipment;BFTS-3465-202407019839;20491;1/7/2024 11:05;3;BFTS-3465-202407019839;https://c807xpresssv.dispatchtrack.com/track/e8773ab34fbf4af4b581ced8;Llego a su destino;CCE;26/7/2024 10:35;N
M194893794;https://tracking.goboxful.com?shipment;BFTS-3465-202407019859;20495;1/7/2024 14:05;3;BFTS-3465-202407019859;https://c807xpresssv.dispatchtrack.com/track/f500d8b7f1e745df37f98871;Llego a su destino;SER;3/7/2024 13:14;N
M1949458764;https://tracking.goboxful.com?shipment;BFTS-3465-202407029940;20501;2/7/2024 14:42;3;BFTS-3465-202407029940;https://c807xpresssv.dispatchtrack.com/track/f5c186f05545c51c2ebcd3c4;Llego a su destino;SER;4/7/2024 11:44;N
M1949552351;https://tracking.goboxful.com?shipment;BFTS-3465-202407019874;20502;1/7/2024 16:56;3;BFTS-3465-202407019874;https://c807xpresssv.dispatchtrack.com/track/08077b1908365c9999c1eb61;Llego a su destino;CCE;5/7/2024 10:23;N
M1949753719;https://tracking.goboxful.com?shipment;BFTS-3465-202407029919;20504;2/7/2024 13:44;4;BFTS-3465-202407029919;https://c807xpresssv.dispatchtrack.com/track/ff79d93735f1cb07d2bea2b4;Ingresado al sistema;;2/7/2024 13:44;N
M1950116246;https://tracking.goboxful.com?shipment;BFTS-3465-202407019875;20508;1/7/2024 16:59;3;BFTS-3465-202407019875;https://c807xpresssv.dispatchtrack.com/track/3ac8adfe9b06bc1ec3a50f1f;Llego a su destino;SER;3/7/2024 09:47;N
M1950263595;https://tracking.goboxful.com?shipment;BFTS-3465-202407029905;20509;2/7/2024 10:33;4;BFTS-3465-202407029905;https://c807xpresssv.dispatchtrack.com/track/dc8ff4dbd49ffb802e629203;Ingresado al sistema;;2/7/2024 10:33;N
M1950313167;https://tracking.goboxful.com?shipment;BFTS-3465-202407029902;20510;2/7/2024 10:13;3;BFTS-3465-202407029902;https://c807xpresssv.dispatchtrack.com/track/882a67ad59541bab57efadfa;Llego a su destino;CCE;3/7/2024 14:41;#¡REF!
M1950358788;https://tracking.goboxful.com?shipment;BFTS-3465-202407019884;20511;1/7/2024 21:18;3;BFTS-3465-202407019884;https://c807xpresssv.dispatchtrack.com/track/e519f04843a389f51bc3297d;Llego a su destino;CCE;3/7/2024 14:39;N
M195069688;https://tracking.goboxful.com?shipment;BFTS-3465-202407029901;20514;2/7/2024 10:09;3;BFTS-3465-202407029901;https://c807xpresssv.dispatchtrack.com/track/12b0992778f38921f150a6aa;Ingresado al sistema;;2/7/2024 10:09;N
M1950753430;https://tracking.goboxful.com?shipment;BFTS-3465-202407029915;20515;2/7/2024 13:23;3;BFTS-3465-202407029915;https://c807xpresssv.dispatchtrack.com/track/92bc15c7e83702901c422adb;Llego a su destino;CCE;4/7/2024 15:13;N
M1950851160;https://tracking.goboxful.com?shipment;BFTS-3465-202407029903;20516;2/7/2024 10:15;3;BFTS-3465-202407029903;https://c807xpresssv.dispatchtrack.com/track/f373a8651ffa7b2169e002a5;Llego a su destino;SER;3/7/2024 11:09;N
M1950851958;https://tracking.goboxful.com?shipment;BFTS-3465-202407029949;20517;2/7/2024 18:07;3;BFTS-3465-202407029949;https://c807xpresssv.dispatchtrack.com/track/7046bca035110fa9631c53a8;Llego a su destino;SER;5/7/2024 10:14;N
M1950955837;https://tracking.goboxful.com?shipment;BFTS-3465-202407029911;20518;2/7/2024 11:29;3;BFTS-3465-202407029911;https://c807xpresssv.dispatchtrack.com/track/8bf1ef0c540c0bf2ee8276f2;Llego a su destino;SER;3/7/2024 10:33;N
M1950954696;https://tracking.goboxful.com?shipment;BFTS-3465-202407029946;20519;2/7/2024 15:15;3;BFTS-3465-202407029946;https://c807xpresssv.dispatchtrack.com/track/4d46656753f6873ef2cec32f;Llego a su destino;SER;8/7/2024 11:01;N
M1951255054;https://tracking.goboxful.com?shipment;BFTS-3465-202407029951;20522;2/7/2024 19:20;3;BFTS-3465-202407029951;https://c807xpresssv.dispatchtrack.com/track/bc479d0130f64ce922b5ccd3;Llego a su destino;CCE;4/7/2024 14:22;N
M1951340350;https://tracking.goboxful.com?shipment;BFTS-3465-202407029952;20523;2/7/2024 20:24;3;BFTS-3465-202407029952;https://c807xpresssv.dispatchtrack.com/track/48ce42ccfd3d0b60eff6ea6a;Llego a su destino;CCE;5/7/2024 09:28;N
M195168505;https://tracking.goboxful.com?shipment;BFTS-3465-2024070410019;20528;4/7/2024 07:31;3;BFTS-3465-2024070410019;https://c807xpresssv.dispatchtrack.com/track/46ad86e88a24d5cc4b52984c;Llego a su destino;SER;5/7/2024 14:49;N
M1951647517;https://tracking.goboxful.com?shipment;BFTS-3465-202407039954;20529;3/7/2024 08:29;3;BFTS-3465-202407039954;https://c807xpresssv.dispatchtrack.com/track/a215e853b1b6bd37b16a81ad;Llego a su destino;SER;4/7/2024 09:32;N
M1951611696;https://tracking.goboxful.com?shipment;BFTS-3465-2024070510104;20530;5/7/2024 11:29;3;BFTS-3465-2024070510104;https://c807xpresssv.dispatchtrack.com/track/cb0b8ae8e8f8b60af630ad5d;Llego a su destino;SER;8/7/2024 11:41;N
M1951763597;https://tracking.goboxful.com?shipment;BFTS-3465-202407039965;20531;3/7/2024 10:38;3;BFTS-3465-202407039965;https://c807xpresssv.dispatchtrack.com/track/5fcd94633e8f01a731ec337e;Llego a su destino;SER;4/7/2024 10:06;N
M1951856961;https://tracking.goboxful.com?shipment;BFTS-3465-202407039962;20532;3/7/2024 10:21;3;BFTS-3465-202407039962;https://c807xpresssv.dispatchtrack.com/track/89f8a3ffa25bb9711dd52aba;Llego a su destino;CCE;4/7/2024 10:43;N
M1951834512;https://tracking.goboxful.com?shipment;BFTS-3465-202407039958;20533;3/7/2024 10:10;3;BFTS-3465-202407039958;https://c807xpresssv.dispatchtrack.com/track/f409361e27ba818bb2490b51;Llego a su destino;CCE;4/7/2024 10:43;N
M1951958584;https://tracking.goboxful.com?shipment;BFTS-3465-202407039968;20534;3/7/2024 11:13;3;BFTS-3465-202407039968;https://c807xpresssv.dispatchtrack.com/track/1ceac78ba7c3f761cdfd4e9f;Llego a su destino;CCE;4/7/2024 10:51;N
M1952155267;https://tracking.goboxful.com?shipment;BFTS-3465-2024070410030;20537;4/7/2024 10:12;3;BFTS-3465-2024070410030;https://c807xpresssv.dispatchtrack.com/track/66c443d0b1f71abde6259840;Llego a su destino;CCE;6/7/2024 10:01;N
M1952152895;https://tracking.goboxful.com?shipment;BFTS-3465-2024070310003;20538;3/7/2024 16:26;3;BFTS-3465-2024070310003;https://c807xpresssv.dispatchtrack.com/track/8ad81b3dee9fc73f81c54171;Llego a su destino;CCE;5/7/2024 10:50;N
M1952260477;https://tracking.goboxful.com?shipment;BFTS-3465-202407039991;20539;3/7/2024 13:45;4;BFTS-3465-202407039991;https://c807xpresssv.dispatchtrack.com/track/5d674f14b077228d2b2af57a;Problemas en la gestion;Cliente rechaza envio;10/7/2024 09:36;#¡REF!
M195232779;https://tracking.goboxful.com?shipment;BFTS-3465-2024070310011;20540;3/7/2024 20:49;3;BFTS-3465-2024070310011;https://c807xpresssv.dispatchtrack.com/track/2e606a1016385e9cc0e9ecfc;Llego a su destino;CCE;5/7/2024 14:04;N
M195242779;https://tracking.goboxful.com?shipment;BFTS-3465-2024070310010;20541;3/7/2024 20:48;3;BFTS-3465-2024070310010;https://c807xpresssv.dispatchtrack.com/track/b63fcc0695930d1c835dc65f;Llego a su destino;SER;5/7/2024 10:26;N
M1952564061;https://tracking.goboxful.com?shipment;BFTS-3465-2024070410018;20542;4/7/2024 06:39;3;BFTS-3465-2024070410018;https://c807xpresssv.dispatchtrack.com/track/99bf9830876162ec65fb5b4b;Llego a su destino;CCE;8/7/2024 09:27;N
M1952649737;https://tracking.goboxful.com?shipment;BFTS-3465-2024070410026;20543;4/7/2024 10:08;4;BFTS-3465-2024070410026;https://c807xpresssv.dispatchtrack.com/track/b158bbb4b673c031ae759ce5;Ingresado al sistema;;4/7/2024 10:08;N
M1952721630;https://tracking.goboxful.com?shipment;BFTS-3465-2024070410083;20544;4/7/2024 21:25;4;BFTS-3465-2024070410083;https://c807xpresssv.dispatchtrack.com/track/abbf30e6da6df217a883ab2d;Problemas en la gestion;Direccion incompleta/no contesta;8/7/2024 11:15;N
M195289900;https://tracking.goboxful.com?shipment;BFTS-3465-2024070410072;20545;4/7/2024 15:50;3;BFTS-3465-2024070410072;https://c807xpresssv.dispatchtrack.com/track/d66b3c8e19948bc2212591a4;Llego a su destino;CCE;8/7/2024 09:54;N
M1952953878;https://tracking.goboxful.com?shipment;BFTS-3465-2024070410017;20546;4/7/2024 06:18;3;BFTS-3465-2024070410017;https://c807xpresssv.dispatchtrack.com/track/d98d474ac64709f61f370625;Llego a su destino;CCE;5/7/2024 11:43;N
M1952944716;https://tracking.goboxful.com?shipment;BFTS-3465-2024070310016;20547;3/7/2024 22:17;3;BFTS-3465-2024070310016;https://c807xpresssv.dispatchtrack.com/track/e12f81116dc2d9bbcf1240d4;Llego a su destino;CCE;5/7/2024 11:43;N
M1953060759;https://tracking.goboxful.com?shipment;BFTS-3465-2024070410025;20548;4/7/2024 10:07;3;BFTS-3465-2024070410025;https://c807xpresssv.dispatchtrack.com/track/2a1916d57281145eccbf1c7f;Llego a su destino;CCE;6/7/2024 09:39;N
M1953213167;https://tracking.goboxful.com?shipment;BFTS-3465-2024070410076;20550;4/7/2024 16:47;3;BFTS-3465-2024070410076;https://c807xpresssv.dispatchtrack.com/track/4a58621851a60caeae58f527;Ingresado al sistema;;4/7/2024 16:47;N
M1953460460;https://tracking.goboxful.com?shipment;BFTS-3465-2024070410054;20553;4/7/2024 13:34;3;BFTS-3465-2024070410054;https://c807xpresssv.dispatchtrack.com/track/04b6d1f7f88dc7e4a5264f72;Llego a su destino;SER;5/7/2024 11:23;N
M1953553430;https://tracking.goboxful.com?shipment;BFTS-3465-2024070410078;20555;4/7/2024 18:35;3;BFTS-3465-2024070410078;https://c807xpresssv.dispatchtrack.com/track/f6e5746410c6789a1185cf76;Llego a su destino;CCE;6/7/2024 09:32;N
M1953564455;https://tracking.goboxful.com?shipment;BFTS-3465-2024070410079;20556;4/7/2024 19:10;3;BFTS-3465-2024070410079;https://c807xpresssv.dispatchtrack.com/track/45ef7e6ca486a261ab2bd28b;Llego a su destino;CCE;6/7/2024 09:32;N
M195353794;https://tracking.goboxful.com?shipment;BFTS-3465-2024070510130;20557;5/7/2024 14:27;3;BFTS-3465-2024070510130;https://c807xpresssv.dispatchtrack.com/track/ce40e8b7b01fed3dbee7e861;Llego a su destino;CCE;12/7/2024 07:52;N
M1953618571;https://tracking.goboxful.com?shipment;BFTS-3465-2024070610160;20558;6/7/2024 11:03;3;BFTS-3465-2024070610160;https://c807xpresssv.dispatchtrack.com/track/e49a508a6092c7a670c4b304;Llego a su destino;SER;9/7/2024 09:42;N
M1953756368;https://tracking.goboxful.com?shipment;BFTS-3465-2024070410084;20559;4/7/2024 23:21;3;BFTS-3465-2024070410084;https://c807xpresssv.dispatchtrack.com/track/7d9d1b30b8678e81d4411616;Llego a su destino;CCE;6/7/2024 08:44;N
M1953856092;https://tracking.goboxful.com?shipment;BFTS-3465-2024070510091;20560;5/7/2024 08:45;3;BFTS-3465-2024070510091;https://c807xpresssv.dispatchtrack.com/track/0efea0c2c8e3df623a5887e2;Llego a su destino;CCE;8/7/2024 08:49;N
M1953960317;https://tracking.goboxful.com?shipment;BFTS-3465-2024070510093;20561;5/7/2024 08:47;3;BFTS-3465-2024070510093;https://c807xpresssv.dispatchtrack.com/track/978e3f29b559a3c0e535ed72;Llego a su destino;CCE;6/7/2024 12:41;N
M1954055837;https://tracking.goboxful.com?shipment;BFTS-3465-2024070510103;20562;5/7/2024 11:21;3;BFTS-3465-2024070510103;https://c807xpresssv.dispatchtrack.com/track/4ecde48b5b57328ea6ddeed3;Llego a su destino;CCE;6/7/2024 13:11;N
M1954154899;https://tracking.goboxful.com?shipment;BFTS-3465-2024070510129;20563;5/7/2024 14:22;3;BFTS-3465-2024070510129;https://c807xpresssv.dispatchtrack.com/track/6d05e0729a869813d7e1a6f9;Llego a su destino;CCE;10/7/2024 08:30;N
M1954241520;https://tracking.goboxful.com?shipment;BFTS-3465-2024070810191;20564;8/7/2024 11:10;3;BFTS-3465-2024070810191;https://c807xpresssv.dispatchtrack.com/track/75a3ae66ff8c640310320532;Ingresado al sistema;;8/7/2024 11:10;N
M1954554240;https://tracking.goboxful.com?shipment;BFTS-3465-2024070510141;20567;5/7/2024 18:08;4;BFTS-3465-2024070510141;https://c807xpresssv.dispatchtrack.com/track/78c9f6a070f82f2003c6ef1c;Problemas en la gestion;Direccion incompleta/no contesta;9/7/2024 08:32;N
M1954655961;https://tracking.goboxful.com?shipment;BFTS-3465-2024070510142;20568;5/7/2024 18:55;3;BFTS-3465-2024070510142;https://c807xpresssv.dispatchtrack.com/track/8a8d59fee14566746235febe;Llego a su destino;CCE;8/7/2024 11:53;N
M1954747530;https://tracking.goboxful.com?shipment;BFTS-3465-2024070610166;20569;6/7/2024 15:26;3;BFTS-3465-2024070610166;https://c807xpresssv.dispatchtrack.com/track/6072811d0cfb714e9575615c;Llego a su destino;CCE;9/7/2024 09:36;N
M1954859064;https://tracking.goboxful.com?shipment;BFTS-3465-2024070610148;20570;6/7/2024 07:44;3;BFTS-3465-2024070610148;https://c807xpresssv.dispatchtrack.com/track/ef1b9fa79443e6c672a31485;Llego a su destino;SER;10/7/2024 11:41;N
M1954947530;https://tracking.goboxful.com?shipment;BFTS-3465-2024070610167;20571;6/7/2024 15:27;3;BFTS-3465-2024070610167;https://c807xpresssv.dispatchtrack.com/track/df9f46577ebcaf0e9e863c42;Llego a su destino;CCE;9/7/2024 12:15;N
M1955057498;https://tracking.goboxful.com?shipment;BFTS-3465-2024070810234;20572;8/7/2024 14:20;3;BFTS-3465-2024070810234;https://c807xpresssv.dispatchtrack.com/track/1b00289a33b01bdff39a63c8;Llego a su destino;CCE;9/7/2024 12:15;N
M1955163071;https://tracking.goboxful.com?shipment;BFTS-3465-2024070610171;20573;6/7/2024 22:24;3;BFTS-3465-2024070610171;https://c807xpresssv.dispatchtrack.com/track/e927f5552cdd2df4ed42eeca;Llego a su destino;CCE;9/7/2024 11:30;N
M1955355923;https://tracking.goboxful.com?shipment;BFTS-3465-2024070710172;20575;7/7/2024 05:59;4;BFTS-3465-2024070710172;https://c807xpresssv.dispatchtrack.com/track/bb3b8ced4d9d71da25205346;Problemas en la gestion;Cliente rechaza envio;8/7/2024 09:27;N
M1955414403;https://tracking.goboxful.com?shipment;BFTS-3465-2024070710173;20576;7/7/2024 09:27;3;BFTS-3465-2024070710173;https://c807xpresssv.dispatchtrack.com/track/f4bba15d127b16ad0785ceb0;Llego a su destino;SER;11/7/2024 08:56;N
M1955529025;https://tracking.goboxful.com?shipment;BFTS-3465-2024070810197;20577;8/7/2024 12:07;3;BFTS-3465-2024070810197;https://c807xpresssv.dispatchtrack.com/track/d3a4687a1135f98fbb4f422d;Llego a su destino;SER;9/7/2024 12:18;N
M1955546460;https://tracking.goboxful.com?shipment;BFTS-3465-2024070910273;20578;9/7/2024 07:20;3;BFTS-3465-2024070910273;https://c807xpresssv.dispatchtrack.com/track/c2c1ab3e8b8f1bd931a9872c;Llego a su destino;SER;11/7/2024 11:03;N
M1955616823;https://tracking.goboxful.com?shipment;BFTS-3465-2024070710175;20579;7/7/2024 13:26;4;BFTS-3465-2024070710175;https://c807xpresssv.dispatchtrack.com/track/5677c338cba7fb13cf56d301;Ingresado al sistema;;7/7/2024 13:26;N
M1956053430;https://tracking.goboxful.com?shipment;BFTS-3465-2024070810264;20585;8/7/2024 18:35;3;BFTS-3465-2024070810264;https://c807xpresssv.dispatchtrack.com/track/f66442403568b6bd4435a5be;Llego a su destino;SER;10/7/2024 09:20;N
M1956160567;https://tracking.goboxful.com?shipment;BFTS-3465-2024070710176;20586;7/7/2024 15:56;3;BFTS-3465-2024070710176;https://c807xpresssv.dispatchtrack.com/track/109633712687bc85abd63a57;Llego a su destino;CCE;10/7/2024 10:21;N
M1956334632;https://tracking.goboxful.com?shipment;BFTS-3465-2024070710177;20588;7/7/2024 19:33;3;BFTS-3465-2024070710177;https://c807xpresssv.dispatchtrack.com/track/5239c230f7b7d44f24963870;Llego a su destino;CCE;10/7/2024 10:34;N
M1956461652;https://tracking.goboxful.com?shipment;BFTS-3465-2024070810184;20589;8/7/2024 08:31;3;BFTS-3465-2024070810184;https://c807xpresssv.dispatchtrack.com/track/e429000ab5a7e3d23a3a82e1;Llego a su destino;CCE;9/7/2024 08:24;N
M1956537623;https://tracking.goboxful.com?shipment;BFTS-3465-2024070710180;20590;7/7/2024 20:41;3;BFTS-3465-2024070710180;https://c807xpresssv.dispatchtrack.com/track/868395611e0b61d9c97bf9cf;Llego a su destino;SER;10/7/2024 09:44;N
M195663794;https://tracking.goboxful.com?shipment;BFTS-3465-2024070810243;20591;8/7/2024 15:26;3;BFTS-3465-2024070810243;https://c807xpresssv.dispatchtrack.com/track/fbfab866860b2ce4ef2ab421;Ingresado al sistema;;8/7/2024 15:26;N
M1956717950;https://tracking.goboxful.com?shipment;BFTS-3465-2024070810185;20592;8/7/2024 09:18;4;BFTS-3465-2024070810185;https://c807xpresssv.dispatchtrack.com/track/99a4eabaf5e0d50e962cd93f;Ingresado al sistema;;8/7/2024 09:18;N
M1957357586;https://tracking.goboxful.com?shipment;BFTS-3465-2024070810186;20603;8/7/2024 09:22;3;BFTS-3465-2024070810186;https://c807xpresssv.dispatchtrack.com/track/a976c8090561d02380123a75;Llego a su destino;CCE;10/7/2024 10:16;N
M1957457826;https://tracking.goboxful.com?shipment;BFTS-3465-2024070810187;20604;8/7/2024 09:52;3;BFTS-3465-2024070810187;https://c807xpresssv.dispatchtrack.com/track/696e46faa088361f0542f80f;Llego a su destino;CCE;9/7/2024 09:14;N
M1957534512;https://tracking.goboxful.com?shipment;BFTS-3465-2024071010380;20605;10/7/2024 11:39;4;BFTS-3465-2024071010380;https://c807xpresssv.dispatchtrack.com/track/4ea715ece96ba022953dd9a9;Problemas en la gestion;Reprogramacion de entrega por el destinatario;24/7/2024 14:21;N
M1957755230;https://tracking.goboxful.com?shipment;BFTS-3465-2024070810269;20607;8/7/2024 21:14;3;BFTS-3465-2024070810269;https://c807xpresssv.dispatchtrack.com/track/74f7987a92443db25e6ecbd2;Llego a su destino;CCE;11/7/2024 10:11;N
M1957857321;https://tracking.goboxful.com?shipment;BFTS-3465-2024070910322;20608;9/7/2024 15:23;3;BFTS-3465-2024070910322;https://c807xpresssv.dispatchtrack.com/track/9efbcc959d9e047fbb78c2df;Llego a su destino;SER;11/7/2024 16:15;N
M1958028876;https://tracking.goboxful.com?shipment;BFTS-3465-2024071110447;20610;11/7/2024 10:23;4;BFTS-3465-2024071110447;https://c807xpresssv.dispatchtrack.com/track/2c0d440b3c88152edc0c0b58;Ingresado al sistema;;11/7/2024 10:23;N
M1958149737;https://tracking.goboxful.com?shipment;BFTS-3465-2024070910275;20611;9/7/2024 09:47;3;BFTS-3465-2024070910275;https://c807xpresssv.dispatchtrack.com/track/ca9dd13a190b98db01238edf;Llego a su destino;SER;11/7/2024 11:19;N
M1958262694;https://tracking.goboxful.com?shipment;BFTS-3465-2024071210559;20612;12/7/2024 09:52;3;BFTS-3465-2024071210559;https://c807xpresssv.dispatchtrack.com/track/db6647c75a403523804c459c;Llego a su destino;SER;15/7/2024 10:19;N
M1958328216;https://tracking.goboxful.com?shipment;BFTS-3465-2024070910305;20613;9/7/2024 13:17;3;BFTS-3465-2024070910305;https://c807xpresssv.dispatchtrack.com/track/ce7bf6e562b6074d273a6fe7;Llego a su destino;CCE;12/7/2024 14:10;N
M1958560468;https://tracking.goboxful.com?shipment;BFTS-3465-2024070910291;20615;9/7/2024 12:54;3;BFTS-3465-2024070910291;https://c807xpresssv.dispatchtrack.com/track/3d270a18f34616773bbd8d62;Llego a su destino;CCE;11/7/2024 09:34;N
M1958652351;https://tracking.goboxful.com?shipment;BFTS-3465-2024070910331;20616;9/7/2024 16:10;3;BFTS-3465-2024070910331;https://c807xpresssv.dispatchtrack.com/track/bbe1621dd9e0578ec8dcc72b;Llego a su destino;CCE;11/7/2024 10:34;N
M1958737623;https://tracking.goboxful.com?shipment;BFTS-3465-2024070910345;20617;9/7/2024 17:41;3;BFTS-3465-2024070910345;https://c807xpresssv.dispatchtrack.com/track/0437ff8787b158f4080f0f2e;Llego a su destino;CCE;11/7/2024 11:06;N
M1958964455;https://tracking.goboxful.com?shipment;BFTS-3465-2024070910348;20619;9/7/2024 20:39;3;BFTS-3465-2024070910348;https://c807xpresssv.dispatchtrack.com/track/470b3461033bc713de51ae89;Ingresado al sistema;;9/7/2024 20:39;N
M1959055054;https://tracking.goboxful.com?shipment;BFTS-3465-2024071010354;20620;10/7/2024 05:12;3;BFTS-3465-2024071010354;https://c807xpresssv.dispatchtrack.com/track/91b50ced95b6c792d7eed88d;Llego a su destino;CCE;11/7/2024 11:03;N
M1959161652;https://tracking.goboxful.com?shipment;BFTS-3465-2024071010355;20621;10/7/2024 06:46;3;BFTS-3465-2024071010355;https://c807xpresssv.dispatchtrack.com/track/86dd2b6f92a9b6c3e29c31e3;Llego a su destino;SER;12/7/2024 12:02;N
M1959161915;https://tracking.goboxful.com?shipment;BFTS-3465-2024071010357;20622;10/7/2024 07:48;3;BFTS-3465-2024071010357;https://c807xpresssv.dispatchtrack.com/track/0be2835d4ac190c460486dd4;Llego a su destino;SER;12/7/2024 12:02;N
M1959361331;https://tracking.goboxful.com?shipment;BFTS-3465-2024071010363;20624;10/7/2024 08:51;3;BFTS-3465-2024071010363;https://c807xpresssv.dispatchtrack.com/track/f8706606daf859205acb00a9;Llego a su destino;SER;11/7/2024 10:44;N
M1959528216;https://tracking.goboxful.com?shipment;BFTS-3465-2024071010379;20626;10/7/2024 10:37;3;BFTS-3465-2024071010379;https://c807xpresssv.dispatchtrack.com/track/2d4755dddb46eef9eec54b6d;Llego a su destino;SER;11/7/2024 10:34;N
M1959615195;https://tracking.goboxful.com?shipment;BFTS-3465-2024071110519;20627;11/7/2024 17:12;3;BFTS-3465-2024071110519;https://c807xpresssv.dispatchtrack.com/track/734fa775567c8ec759339552;Ingresado al sistema;;11/7/2024 17:12;N
M1959755153;https://tracking.goboxful.com?shipment;BFTS-3465-2024071010371;20628;10/7/2024 09:59;3;BFTS-3465-2024071010371;https://c807xpresssv.dispatchtrack.com/track/29b01c4481268237cc431b26;Llego a su destino;CCE;11/7/2024 13:59;N
M1959855837;https://tracking.goboxful.com?shipment;BFTS-3465-2024071010382;20629;10/7/2024 11:43;4;BFTS-3465-2024071010382;https://c807xpresssv.dispatchtrack.com/track/7c596fb5c6836e72e1ff04b1;Problemas en la gestion;Retenido en bodega;11/7/2024 03:38;N
M1959958891;https://tracking.goboxful.com?shipment;BFTS-3465-2024071010381;20631;10/7/2024 11:42;3;BFTS-3465-2024071010381;https://c807xpresssv.dispatchtrack.com/track/2caf58a7b114670d92d5ab07;Llego a su destino;CCE;17/7/2024 09:27;N
M1960063223;https://tracking.goboxful.com?shipment;BFTS-3465-2024071110437;20632;11/7/2024 06:51;3;BFTS-3465-2024071110437;https://c807xpresssv.dispatchtrack.com/track/8c824e002741a98c96d80bf4;Llego a su destino;CCE;12/7/2024 11:31;N
M1960054986;https://tracking.goboxful.com?shipment;BFTS-3465-2024071210571;20633;12/7/2024 11:04;3;BFTS-3465-2024071210571;https://c807xpresssv.dispatchtrack.com/track/0a8aaf68b84b3ae53b722a3b;Llego a su destino;CCE;15/7/2024 12:23;N
M1960157826;https://tracking.goboxful.com?shipment;BFTS-3465-2024071010413;20634;10/7/2024 16:15;3;BFTS-3465-2024071010413;https://c807xpresssv.dispatchtrack.com/track/ed4caece104c41ddfcd488b7;Llego a su destino;CCE;12/7/2024 15:25;N
M1960157042;https://tracking.goboxful.com?shipment;BFTS-3465-2024071010412;20636;10/7/2024 16:14;3;BFTS-3465-2024071010412;https://c807xpresssv.dispatchtrack.com/track/5e7a4d9bce93360fa87b19ec;Llego a su destino;CCE;12/7/2024 15:25;N
M19605295;https://tracking.goboxful.com?shipment;BFTS-3465-2024071010417;20640;10/7/2024 17:10;3;BFTS-3465-2024071010417;https://c807xpresssv.dispatchtrack.com/track/a25de41e73bdc72feb410be5;Llego a su destino;CCE;12/7/2024 14:23;N
M1961056669;https://tracking.goboxful.com?shipment;BFTS-3465-2024071210557;20645;12/7/2024 09:43;3;BFTS-3465-2024071210557;https://c807xpresssv.dispatchtrack.com/track/9c8b69705eb48638b02a63fd;Llego a su destino;CCE;17/7/2024 13:25;N
M1961259064;https://tracking.goboxful.com?shipment;BFTS-3465-2024071110443;20647;11/7/2024 09:40;3;BFTS-3465-2024071110443;https://c807xpresssv.dispatchtrack.com/track/cbc4df8fa8a6f35ff141588c;Llego a su destino;CCE;12/7/2024 09:42;N
M1961357539;https://tracking.goboxful.com?shipment;BFTS-3465-2024071210620;20648;12/7/2024 20:31;3;BFTS-3465-2024071210620;https://c807xpresssv.dispatchtrack.com/track/4aa35b2b0c64fd7f77b0520b;Ingresado al sistema;;12/7/2024 20:31;N
M1961463064;https://tracking.goboxful.com?shipment;BFTS-3465-2024071010428;20649;10/7/2024 21:03;3;BFTS-3465-2024071010428;https://c807xpresssv.dispatchtrack.com/track/3cfaa875ba431a25a8691707;Llego a su destino;CCE;12/7/2024 09:46;N
M1961556124;https://tracking.goboxful.com?shipment;BFTS-3465-2024071010432;20650;10/7/2024 21:49;3;BFTS-3465-2024071010432;https://c807xpresssv.dispatchtrack.com/track/04ea1b6d1040a607124a3728;Llego a su destino;SER;15/7/2024 15:46;N
M1961658584;https://tracking.goboxful.com?shipment;BFTS-3465-2024071010429;20651;10/7/2024 21:36;3;BFTS-3465-2024071010429;https://c807xpresssv.dispatchtrack.com/track/41c09a574fdd65fe4a53bfd8;Llego a su destino;CCE;12/7/2024 13:36;N
M1961756027;https://tracking.goboxful.com?shipment;BFTS-3465-2024071110518;20652;11/7/2024 17:04;3;BFTS-3465-2024071110518;https://c807xpresssv.dispatchtrack.com/track/f337bbf006292aa965bc86bb;Llego a su destino;SER;13/7/2024 13:51;N
M196173794;https://tracking.goboxful.com?shipment;BFTS-3465-2024071110501;20653;11/7/2024 14:41;3;BFTS-3465-2024071110501;https://c807xpresssv.dispatchtrack.com/track/7505a6806909771374660eb5;Llego a su destino;SER;13/7/2024 13:51;N
M1961764916;https://tracking.goboxful.com?shipment;BFTS-3465-2024071010433;20654;10/7/2024 21:51;3;BFTS-3465-2024071010433;https://c807xpresssv.dispatchtrack.com/track/361c4f6e8dae2b57c26a24a9;Llego a su destino;SER;13/7/2024 13:51;N
M1961823247;https://tracking.goboxful.com?shipment;BFTS-3465-2024071010436;20655;10/7/2024 22:31;3;BFTS-3465-2024071010436;https://c807xpresssv.dispatchtrack.com/track/ff82bb3d6d3e0cd948a2d3c6;Llego a su destino;SER;12/7/2024 14:21;N
M1961852895;https://tracking.goboxful.com?shipment;BFTS-3465-2024071010435;20656;10/7/2024 22:25;3;BFTS-3465-2024071010435;https://c807xpresssv.dispatchtrack.com/track/17e7045cdcc0c817a8d343e6;Llego a su destino;SER;12/7/2024 14:21;N
M1961953299;https://tracking.goboxful.com?shipment;BFTS-3465-2024071110438;20657;11/7/2024 07:32;3;BFTS-3465-2024071110438;https://c807xpresssv.dispatchtrack.com/track/e5d4597ed7bb37447f7153ef;Llego a su destino;SER;12/7/2024 12:23;N
M196207916;https://tracking.goboxful.com?shipment;BFTS-3465-2024071110512;20658;11/7/2024 16:25;3;BFTS-3465-2024071110512;https://c807xpresssv.dispatchtrack.com/track/38fbc01f2fa1cacbcdd1e0fb;Llego a su destino;CCE;15/7/2024 11:56;N
M1962164559;https://tracking.goboxful.com?shipment;BFTS-3465-2024071110521;20659;11/7/2024 17:39;3;BFTS-3465-2024071110521;https://c807xpresssv.dispatchtrack.com/track/c207e43747ca31553905ab54;Llego a su destino;CCE;13/7/2024 09:48;#¡REF!
M1962156669;https://tracking.goboxful.com?shipment;BFTS-3465-2024071210556;20660;12/7/2024 09:42;3;BFTS-3465-2024071210556;https://c807xpresssv.dispatchtrack.com/track/a6d89c961c79e8f8688da431;Llego a su destino;CCE;16/7/2024 10:47;N
M1962260468;https://tracking.goboxful.com?shipment;BFTS-3465-2024071110453;20661;11/7/2024 11:43;4;BFTS-3465-2024071110453;https://c807xpresssv.dispatchtrack.com/track/00731681673d4eb37077d9b0;Llego a su destino;CCE;15/7/2024 11:30;#¡REF!
M1962362988;https://tracking.goboxful.com?shipment;BFTS-3465-2024071110459;20662;11/7/2024 12:25;3;BFTS-3465-2024071110459;https://c807xpresssv.dispatchtrack.com/track/19b4749c254e7de8107a23d0;Llego a su destino;SER;13/7/2024 08:27;N
M1962363889;https://tracking.goboxful.com?shipment;BFTS-3465-2024071110465;20663;11/7/2024 12:43;3;BFTS-3465-2024071110465;https://c807xpresssv.dispatchtrack.com/track/634ec882eb3e862a3dcdc56e;Llego a su destino;SER;13/7/2024 09:17;#¡REF!
M1962364742;https://tracking.goboxful.com?shipment;BFTS-3465-2024071110527;20664;11/7/2024 19:44;3;BFTS-3465-2024071110527;https://c807xpresssv.dispatchtrack.com/track/a17bcad0d5f0fa2a8d3bbe14;Llego a su destino;SER;16/7/2024 08:51;N
M1962416246;https://tracking.goboxful.com?shipment;BFTS-3465-2024071110460;20665;11/7/2024 12:31;3;BFTS-3465-2024071110460;https://c807xpresssv.dispatchtrack.com/track/b56026fb92b9d00fc685d1a2;Llego a su destino;SER;12/7/2024 11:23;N
M1962463153;https://tracking.goboxful.com?shipment;BFTS-3465-2024071110462;20666;11/7/2024 12:34;3;BFTS-3465-2024071110462;https://c807xpresssv.dispatchtrack.com/track/9b26ec717eb4c4658791ddb1;Llego a su destino;SER;13/7/2024 08:35;N
M196243794;https://tracking.goboxful.com?shipment;BFTS-3465-2024071110500;20667;11/7/2024 14:40;3;BFTS-3465-2024071110500;https://c807xpresssv.dispatchtrack.com/track/5efb8418e4c7b2e3bb821254;Llego a su destino;SER;13/7/2024 08:35;N
M1962538612;https://tracking.goboxful.com?shipment;BFTS-3465-2024071110463;20668;11/7/2024 12:38;3;BFTS-3465-2024071110463;https://c807xpresssv.dispatchtrack.com/track/65201437104a4d1c120c0aad;Ingresado al sistema;;11/7/2024 12:38;N
M1962664571;https://tracking.goboxful.com?shipment;BFTS-3465-2024071110507;20669;11/7/2024 15:43;3;BFTS-3465-2024071110507;https://c807xpresssv.dispatchtrack.com/track/e19810625a73f55f6a51bc92;Llego a su destino;SER;13/7/2024 09:25;N
M1962857826;https://tracking.goboxful.com?shipment;BFTS-3465-2024071110513;20671;11/7/2024 16:29;3;BFTS-3465-2024071110513;https://c807xpresssv.dispatchtrack.com/track/a8a7848a6809519376b59e03;Llego a su destino;SER;13/7/2024 11:26;N
M1962851958;https://tracking.goboxful.com?shipment;BFTS-3465-2024071110515;20672;11/7/2024 16:42;3;BFTS-3465-2024071110515;https://c807xpresssv.dispatchtrack.com/track/f5a4372fa22e924f376ed996;Llego a su destino;SER;13/7/2024 11:27;N
M1962963980;https://tracking.goboxful.com?shipment;BFTS-3465-2024071110523;20673;11/7/2024 18:20;3;BFTS-3465-2024071110523;https://c807xpresssv.dispatchtrack.com/track/41e6a7d3d7715e88e043861a;Llego a su destino;SER;15/7/2024 17:35;N
M1963051591;https://tracking.goboxful.com?shipment;BFTS-3465-2024071110525;20674;11/7/2024 18:50;3;BFTS-3465-2024071110525;https://c807xpresssv.dispatchtrack.com/track/27e306b32af342f90a76bf00;Llego a su destino;CCE;17/7/2024 15:33;#¡REF!
M1963164061;https://tracking.goboxful.com?shipment;BFTS-3465-2024071610788;20675;16/7/2024 09:26;3;BFTS-3465-2024071610788;https://c807xpresssv.dispatchtrack.com/track/9d581663501d8c14289f35ee;Llego a su destino;SER;17/7/2024 14:47;#¡REF!
M1963242871;https://tracking.goboxful.com?shipment;BFTS-3465-2024071110528;20676;11/7/2024 22:30;3;BFTS-3465-2024071110528;https://c807xpresssv.dispatchtrack.com/track/e832f99c15a1658dbf63d04c;Llego a su destino;;13/7/2024 12:09;N
M1963354033;https://tracking.goboxful.com?shipment;BFTS-3465-2024071410675;20679;14/7/2024 20:10;3;BFTS-3465-2024071410675;https://c807xpresssv.dispatchtrack.com/track/da78947d8c2873bb04684bae;Llego a su destino;CCE;16/7/2024 13:48;N
M1963451958;https://tracking.goboxful.com?shipment;BFTS-3465-2024071210569;20681;12/7/2024 10:42;3;BFTS-3465-2024071210569;https://c807xpresssv.dispatchtrack.com/track/7a1af37869f6357d65346c15;Llego a su destino;CCE;15/7/2024 09:40;N
M1963564451;https://tracking.goboxful.com?shipment;BFTS-3465-2024071210605;20682;12/7/2024 14:39;3;BFTS-3465-2024071210605;https://c807xpresssv.dispatchtrack.com/track/fe6cb028dd46b815f7b1f2a1;Llego a su destino;SER;15/7/2024 12:01;N
M1963855519;https://tracking.goboxful.com?shipment;BFTS-3465-2024071310642;20685;13/7/2024 12:27;3;BFTS-3465-2024071310642;https://c807xpresssv.dispatchtrack.com/track/fb8b42bdc1571e07ad2aece4;Llego a su destino;CCE;16/7/2024 15:46;N
M1963954135;https://tracking.goboxful.com?shipment;BFTS-3465-2024071410667;20686;14/7/2024 11:09;3;BFTS-3465-2024071410667;https://c807xpresssv.dispatchtrack.com/track/b41604a43d32452886056c97;Llego a su destino;CCE;16/7/2024 13:11;#¡REF!
M1964043753;https://tracking.goboxful.com?shipment;BFTS-3465-2024071410674;20687;14/7/2024 18:27;3;BFTS-3465-2024071410674;https://c807xpresssv.dispatchtrack.com/track/e822df3c6a0218962e5d1981;Llego a su destino;CCE;16/7/2024 17:42;N
M1964132715;https://tracking.goboxful.com?shipment;BFTS-3465-2024071210615;20688;12/7/2024 17:32;3;BFTS-3465-2024071210615;https://c807xpresssv.dispatchtrack.com/track/9136ec6ba6acf66871b16836;Llego a su destino;CCE;19/7/2024 10:19;N
M1964132715;https://tracking.goboxful.com?shipment;BFTS-3465-2024071810976;20688;18/7/2024 17:08;3;BFTS-3465-2024071810976;https://c807xpresssv.dispatchtrack.com/track/13edc8d6358e9b576ffdd7a0;Ingresado al sistema;;18/7/2024 17:08;#¡REF!
M1964464548;https://tracking.goboxful.com?shipment;BFTS-3465-2024071310644;20692;13/7/2024 12:47;3;BFTS-3465-2024071310644;https://c807xpresssv.dispatchtrack.com/track/115d7da348d5d66afa875eb9;Llego a su destino;CCE;16/7/2024 16:36;N
M1964561124;https://tracking.goboxful.com?shipment;BFTS-3465-2024071310643;20693;13/7/2024 12:45;3;BFTS-3465-2024071310643;https://c807xpresssv.dispatchtrack.com/track/7ec6ffd8f1d027089ca3de44;Llego a su destino;SER;17/7/2024 14:08;N
M1964661885;https://tracking.goboxful.com?shipment;BFTS-3465-2024071310655;20694;13/7/2024 17:18;3;BFTS-3465-2024071310655;https://c807xpresssv.dispatchtrack.com/track/849e3b09c473b5ece4250610;Llego a su destino;CCE;19/7/2024 11:15;N
M1964758822;https://tracking.goboxful.com?shipment;BFTS-3465-2024071310653;20695;13/7/2024 16:00;3;BFTS-3465-2024071310653;https://c807xpresssv.dispatchtrack.com/track/76786845d844904a84f9b82b;Llego a su destino;CCE;16/7/2024 12:56;N
M1964813010;https://tracking.goboxful.com?shipment;BFTS-3465-2024071310656;20696;13/7/2024 18:28;3;BFTS-3465-2024071310656;https://c807xpresssv.dispatchtrack.com/track/165554d5b22412d51f6e32f1;Llego a su destino;CCE;16/7/2024 17:37;N
M1964953430;https://tracking.goboxful.com?shipment;BFTS-3465-2024071410665;20697;14/7/2024 10:59;3;BFTS-3465-2024071410665;https://c807xpresssv.dispatchtrack.com/track/ecc8820f2ae4d5902766b35b;Llego a su destino;SER;15/7/2024 11:07;N
M1965052895;https://tracking.goboxful.com?shipment;BFTS-3465-2024071410671;20698;14/7/2024 17:10;3;BFTS-3465-2024071410671;https://c807xpresssv.dispatchtrack.com/track/cc2106eeb34051d97ab403ac;Llego a su destino;CCE;16/7/2024 11:09;N
M1965141354;https://tracking.goboxful.com?shipment;BFTS-3465-2024071510689;20699;15/7/2024 08:44;3;BFTS-3465-2024071510689;https://c807xpresssv.dispatchtrack.com/track/260c8f844dc40ac36174d445;Llego a su destino;SER;16/7/2024 12:12;N
M1965253719;https://tracking.goboxful.com?shipment;BFTS-3465-2024071410672;20700;14/7/2024 17:34;3;BFTS-3465-2024071410672;https://c807xpresssv.dispatchtrack.com/track/7d0642181cecb358290c9e90;Llego a su destino;CCE;16/7/2024 12:17;N
M1965460468;https://tracking.goboxful.com?shipment;BFTS-3465-2024071410664;20702;14/7/2024 10:53;3;BFTS-3465-2024071410664;https://c807xpresssv.dispatchtrack.com/track/a6eb72cd8a0c3c270d87b377;Llego a su destino;SER;16/7/2024 14:38;N
M1965555831;https://tracking.goboxful.com?shipment;BFTS-3465-2024071410668;20703;14/7/2024 11:53;4;BFTS-3465-2024071410668;https://c807xpresssv.dispatchtrack.com/track/ae480354fc276fa3f506a4c2;Ingresado al sistema;;14/7/2024 11:53;N
M1965952593;https://tracking.goboxful.com?shipment;BFTS-3465-2024071410673;20707;14/7/2024 18:11;4;BFTS-3465-2024071410673;https://c807xpresssv.dispatchtrack.com/track/83dc024b44e2ba97fbf39e19;Ingresado al sistema;;14/7/2024 18:11;N
M1965954033;https://tracking.goboxful.com?shipment;BFTS-3465-2024071410676;20708;14/7/2024 20:11;3;BFTS-3465-2024071410676;https://c807xpresssv.dispatchtrack.com/track/f9f7c4a51a547ae328af8be2;Llego a su destino;CCE;24/7/2024 12:45;N
M1966055499;https://tracking.goboxful.com?shipment;BFTS-3465-2024071510692;20709;15/7/2024 10:27;3;BFTS-3465-2024071510692;https://c807xpresssv.dispatchtrack.com/track/ced5819d74899f9e893f3431;Llego a su destino;CCE;16/7/2024 14:23;N
M1966121382;https://tracking.goboxful.com?shipment;BFTS-3465-2024071510754;20710;15/7/2024 17:31;3;BFTS-3465-2024071510754;https://c807xpresssv.dispatchtrack.com/track/862741b3f222ff536b8d26f6;Llego a su destino;SER;17/7/2024 11:30;N
M1966351108;https://tracking.goboxful.com?shipment;BFTS-3465-2024071510750;20712;15/7/2024 16:39;3;BFTS-3465-2024071510750;https://c807xpresssv.dispatchtrack.com/track/44b86aa89f2160b6e5d41689;Llego a su destino;;17/7/2024 10:03;N
M1966461124;https://tracking.goboxful.com?shipment;BFTS-3465-2024071510768;20713;15/7/2024 19:57;3;BFTS-3465-2024071510768;https://c807xpresssv.dispatchtrack.com/track/075d41200a20138b909bb04f;Llego a su destino;SER;18/7/2024 13:15;N
M1966547530;https://tracking.goboxful.com?shipment;BFTS-3465-2024071610796;20714;16/7/2024 10:35;3;BFTS-3465-2024071610796;https://c807xpresssv.dispatchtrack.com/track/4159b76d6c3356227b49d0e8;Llego a su destino;CCE;17/7/2024 12:00;N
M1966664451;https://tracking.goboxful.com?shipment;BFTS-3465-2024071610827;20715;16/7/2024 14:28;3;BFTS-3465-2024071610827;https://c807xpresssv.dispatchtrack.com/track/9a9970f1234d91c88b138d14;Llego a su destino;SER;18/7/2024 08:38;N
M1966764061;https://tracking.goboxful.com?shipment;BFTS-3465-2024071510775;20716;15/7/2024 22:09;3;BFTS-3465-2024071510775;https://c807xpresssv.dispatchtrack.com/track/e762bd943a05a5e62a9c1416;Llego a su destino;CCE;18/7/2024 11:45;N
M1966860962;https://tracking.goboxful.com?shipment;BFTS-3465-2024071510776;20717;15/7/2024 22:35;4;BFTS-3465-2024071510776;https://c807xpresssv.dispatchtrack.com/track/eae2b5577eb4202ff35793cd;Problemas en la gestion;Punto de encuentro/No contesta;17/7/2024 09:50;N
M1966960317;https://tracking.goboxful.com?shipment;BFTS-3465-2024071610834;20718;16/7/2024 15:08;3;BFTS-3465-2024071610834;https://c807xpresssv.dispatchtrack.com/track/4653d8c8ac21a47dc7777aa7;Llego a su destino;CCE;19/7/2024 12:25;N
M1966959059;https://tracking.goboxful.com?shipment;BFTS-3465-2024071610778;20719;16/7/2024 05:40;3;BFTS-3465-2024071610778;https://c807xpresssv.dispatchtrack.com/track/91450deeaf1b955f0c57e178;Llego a su destino;CCE;17/7/2024 14:59;N
M1967040350;https://tracking.goboxful.com?shipment;BFTS-3465-2024071610779;20720;16/7/2024 06:48;3;BFTS-3465-2024071610779;https://c807xpresssv.dispatchtrack.com/track/5d275bf1f58a61a82428d375;Llego a su destino;SER;25/7/2024 08:43;N
M1967162932;https://tracking.goboxful.com?shipment;BFTS-3465-2024071610786;20721;16/7/2024 08:35;3;BFTS-3465-2024071610786;https://c807xpresssv.dispatchtrack.com/track/784dbffbac9721c16e288f13;Llego a su destino;CCE;17/7/2024 11:32;#¡REF!
M1967256669;https://tracking.goboxful.com?shipment;BFTS-3465-2024071610801;20722;16/7/2024 12:14;3;BFTS-3465-2024071610801;https://c807xpresssv.dispatchtrack.com/track/6c6910f2804d8509336d2639;Llego a su destino;SER;17/7/2024 11:45;N
M196733067;https://tracking.goboxful.com?shipment;BFTS-3465-2024071610844;20723;16/7/2024 16:53;3;BFTS-3465-2024071610844;https://c807xpresssv.dispatchtrack.com/track/22cd502f18116267b56335d7;Llego a su destino;CCE;18/7/2024 14:31;N
M1967461445;https://tracking.goboxful.com?shipment;BFTS-3465-2024071610830;20724;16/7/2024 14:47;3;BFTS-3465-2024071610830;https://c807xpresssv.dispatchtrack.com/track/8b781ebf041d80b0064d71b6;Llego a su destino;CCE;18/7/2024 11:31;N
M196758371;https://tracking.goboxful.com?shipment;BFTS-3465-2024071610828;20725;16/7/2024 14:31;3;BFTS-3465-2024071610828;https://c807xpresssv.dispatchtrack.com/track/9c9288f00444caeb87dee694;Llego a su destino;SER;18/7/2024 14:49;#¡REF!
M196753794;https://tracking.goboxful.com?shipment;BFTS-3465-2024071610832;20726;16/7/2024 14:58;3;BFTS-3465-2024071610832;https://c807xpresssv.dispatchtrack.com/track/cf294bd96d72dfb5ec51178f;Ingresado al sistema;;16/7/2024 14:58;N
M1967657826;https://tracking.goboxful.com?shipment;BFTS-3465-2024071610846;20727;16/7/2024 17:19;3;BFTS-3465-2024071610846;https://c807xpresssv.dispatchtrack.com/track/ec508ce58c67832463aee169;Llego a su destino;CCE;18/7/2024 13:09;N
M1967734950;https://tracking.goboxful.com?shipment;BFTS-3465-2024071610837;20728;16/7/2024 15:54;3;BFTS-3465-2024071610837;https://c807xpresssv.dispatchtrack.com/track/3364dd06329da27bb87fc182;Llego a su destino;SER;22/7/2024 09:08;N
M196789952;https://tracking.goboxful.com?shipment;BFTS-3465-2024071710858;20729;17/7/2024 06:40;3;BFTS-3465-2024071710858;https://c807xpresssv.dispatchtrack.com/track/63dd99b3ed36d4449a6aaf34;Ingresado al sistema;;17/7/2024 06:40;N
M1967864710;https://tracking.goboxful.com?shipment;BFTS-3465-2024071610845;20730;16/7/2024 16:58;3;BFTS-3465-2024071610845;https://c807xpresssv.dispatchtrack.com/track/d104d99b723c1712e4563809;Ingresado al sistema;;16/7/2024 16:58;N
M1967813167;https://tracking.goboxful.com?shipment;BFTS-3465-2024071710871;20731;17/7/2024 10:23;3;BFTS-3465-2024071710871;https://c807xpresssv.dispatchtrack.com/track/9ada660fe870f0f56a717055;Ingresado al sistema;;17/7/2024 10:23;N
M1967852895;https://tracking.goboxful.com?shipment;BFTS-3465-2024071610842;20732;16/7/2024 16:38;3;BFTS-3465-2024071610842;https://c807xpresssv.dispatchtrack.com/track/f49ef6901dcd8a3f0174e015;Llego a su destino;CCE;18/7/2024 15:13;N
M1967834612;https://tracking.goboxful.com?shipment;BFTS-3465-2024071610850;20734;16/7/2024 19:07;3;BFTS-3465-2024071610850;https://c807xpresssv.dispatchtrack.com/track/2bf3e3da40429e0b554c413e;Ingresado al sistema;;16/7/2024 19:07;N
M1967862526;https://tracking.goboxful.com?shipment;BFTS-3465-2024071610843;20738;16/7/2024 16:39;3;BFTS-3465-2024071610843;https://c807xpresssv.dispatchtrack.com/track/faae4267a7bdca481b21844d;Ingresado al sistema;;16/7/2024 16:39;N
M1967852635;https://tracking.goboxful.com?shipment;BFTS-3465-2024071610847;20739;16/7/2024 18:25;3;BFTS-3465-2024071610847;https://c807xpresssv.dispatchtrack.com/track/ae13d415171c6b3c1c91672b;Llego a su destino;CCE;20/7/2024 10:56;N
M1968052895;https://tracking.goboxful.com?shipment;BFTS-3465-2024071610848;20741;16/7/2024 18:25;4;BFTS-3465-2024071610848;https://c807xpresssv.dispatchtrack.com/track/3395ba90517c8a00f097348d;Problemas en la gestion;Direccion incompleta/no contesta;27/7/2024 09:33;N
M196803794;https://tracking.goboxful.com?shipment;BFTS-3465-2024071710907;20742;17/7/2024 16:02;4;BFTS-3465-2024071710907;https://c807xpresssv.dispatchtrack.com/track/fc580dc4e9af9b284c538973;Problemas en la gestión;Direccion incompleta/no contesta;19/7/2024 08:51;N
M1968058895;https://tracking.goboxful.com?shipment;BFTS-3465-2024071610849;20743;16/7/2024 18:26;4;BFTS-3465-2024071610849;https://c807xpresssv.dispatchtrack.com/track/f40bed7de6ea0a0d0f162e38;Problemas en la gestion;Direccion incompleta/no contesta;19/7/2024 08:51;N
M1968218571;https://tracking.goboxful.com?shipment;BFTS-3465-2024071610851;20745;16/7/2024 19:51;3;BFTS-3465-2024071610851;https://c807xpresssv.dispatchtrack.com/track/ba5a6f20277b838c139e09c2;Llego a su destino;CCE;22/7/2024 08:49;#¡REF!
M1968354240;https://tracking.goboxful.com?shipment;BFTS-3465-2024071610852;20746;16/7/2024 20:24;3;BFTS-3465-2024071610852;https://c807xpresssv.dispatchtrack.com/track/37da90c865d8adb18457ac3a;Llego a su destino;SER;18/7/2024 17:13;N
M1968460297;https://tracking.goboxful.com?shipment;BFTS-3465-2024071610853;20747;16/7/2024 20:27;3;BFTS-3465-2024071610853;https://c807xpresssv.dispatchtrack.com/track/d4383477068d5ef4461d9f9f;Llego a su destino;SER;20/7/2024 07:32;N
M1968561915;https://tracking.goboxful.com?shipment;BFTS-3465-2024071610856;20748;16/7/2024 23:42;3;BFTS-3465-2024071610856;https://c807xpresssv.dispatchtrack.com/track/ee4887fba3b59e2dfcf7754d;Llego a su destino;SER;22/7/2024 14:53;N
M1968627038;https://tracking.goboxful.com?shipment;BFTS-3465-2024071710857;20749;17/7/2024 04:53;4;BFTS-3465-2024071710857;https://c807xpresssv.dispatchtrack.com/track/2e8fb9e6fbac491bbed80357;Problemas en la gestion;Cliente rechaza envio;19/7/2024 09:57;N
M1968661915;https://tracking.goboxful.com?shipment;BFTS-3465-2024071610855;20750;16/7/2024 23:39;3;BFTS-3465-2024071610855;https://c807xpresssv.dispatchtrack.com/track/c60aefaf017717564b6d339a;Llego a su destino;CCE;18/7/2024 09:38;N
M1968764802;https://tracking.goboxful.com?shipment;BFTS-3465-2024071610854;20751;16/7/2024 21:04;3;BFTS-3465-2024071610854;https://c807xpresssv.dispatchtrack.com/track/9ea7d654816fbfa991077809;Llego a su destino;SER;19/7/2024 12:48;N
M1968851160;https://tracking.goboxful.com?shipment;BFTS-3465-2024071710860;20752;17/7/2024 07:07;4;BFTS-3465-2024071710860;https://c807xpresssv.dispatchtrack.com/track/70a6ed4bf0cedd94a887d87e;Ingresado al sistema;;17/7/2024 07:07;N
M1968941354;https://tracking.goboxful.com?shipment;BFTS-3465-2024071710873;20753;17/7/2024 10:42;3;BFTS-3465-2024071710873;https://c807xpresssv.dispatchtrack.com/track/9e4413aa6ef3d31c6f137d4e;Llego a su destino;SER;18/7/2024 14:34;#¡REF!
M1969112422;https://tracking.goboxful.com?shipment;BFTS-3465-2024071710915;20755;17/7/2024 20:43;3;BFTS-3465-2024071710915;https://c807xpresssv.dispatchtrack.com/track/8863d5120cdbd6c13aa8552f;Llego a su destino;SER;27/7/2024 10:55;N
M1969258895;https://tracking.goboxful.com?shipment;BFTS-3465-2024071710904;20757;17/7/2024 15:29;3;BFTS-3465-2024071710904;https://c807xpresssv.dispatchtrack.com/track/c0fe0db9e6c72bd2e7a0ca24;Llego a su destino;SER;19/7/2024 08:47;N
M1969364559;https://tracking.goboxful.com?shipment;BFTS-3465-2024071710909;20758;17/7/2024 16:10;3;BFTS-3465-2024071710909;https://c807xpresssv.dispatchtrack.com/track/82383217bdf7bd39c220dc3b;Llego a su destino;CCE;19/7/2024 15:01;#¡REF!
M1969465260;https://tracking.goboxful.com?shipment;BFTS-3465-2024071710919;20759;17/7/2024 22:30;3;BFTS-3465-2024071710919;https://c807xpresssv.dispatchtrack.com/track/4e128400ad169023a2820dbd;Llego a su destino;CCE;23/7/2024 12:02;N
M1969537623;https://tracking.goboxful.com?shipment;BFTS-3465-2024071710920;20760;17/7/2024 22:38;3;BFTS-3465-2024071710920;https://c807xpresssv.dispatchtrack.com/track/ec3a003cfc45ef65420d0f84;Llego a su destino;CCE;19/7/2024 08:06;N
M1969749430;https://tracking.goboxful.com?shipment;BFTS-3465-2024071810936;20762;18/7/2024 11:01;4;BFTS-3465-2024071810936;https://c807xpresssv.dispatchtrack.com/track/f82e3a5d64c68a7864ec3bf3;Problemas en la gestion;Retenido en bodega;23/7/2024 03:38;N
M1969864061;https://tracking.goboxful.com?shipment;BFTS-3465-2024071810955;20763;18/7/2024 14:10;3;BFTS-3465-2024071810955;https://c807xpresssv.dispatchtrack.com/track/6a72f31f3d9dc7ddd44f35b4;Llego a su destino;CCE;20/7/2024 12:58;N
M1970064559;https://tracking.goboxful.com?shipment;BFTS-3465-2024071810972;20765;18/7/2024 16:51;3;BFTS-3465-2024071810972;https://c807xpresssv.dispatchtrack.com/track/96998fb730c897fef69ac83c;Llego a su destino;SER;22/7/2024 10:17;#¡REF!
M1970163597;https://tracking.goboxful.com?shipment;BFTS-3465-2024071810937;20766;18/7/2024 11:19;3;BFTS-3465-2024071810937;https://c807xpresssv.dispatchtrack.com/track/ed392bc65b79851112981d69;Llego a su destino;CCE;19/7/2024 08:33;N
M1970265537;https://tracking.goboxful.com?shipment;BFTS-3465-2024071810942;20767;18/7/2024 13:10;3;BFTS-3465-2024071810942;https://c807xpresssv.dispatchtrack.com/track/9448109d092d89b919f9c0ee;Llego a su destino;CCE;20/7/2024 07:46;N
M1970363493;https://tracking.goboxful.com?shipment;BFTS-3465-2024071810963;20768;18/7/2024 14:39;4;BFTS-3465-2024071810963;https://c807xpresssv.dispatchtrack.com/track/d083c0e12669ec7868f4fe78;Ingresado al sistema;;18/7/2024 14:39;N
M1970457826;https://tracking.goboxful.com?shipment;BFTS-3465-2024071810954;20769;18/7/2024 14:01;3;BFTS-3465-2024071810954;https://c807xpresssv.dispatchtrack.com/track/177e0179fe04065f72fc9c21;Llego a su destino;CCE;19/7/2024 13:09;#¡REF!
M1970455519;https://tracking.goboxful.com?shipment;BFTS-3465-2024071810978;20770;18/7/2024 18:25;4;BFTS-3465-2024071810978;https://c807xpresssv.dispatchtrack.com/track/afde490788228fc058bc5345;Problemas en la gestion;Direccion incompleta/no contesta;30/7/2024 10:21;N
M1970563980;https://tracking.goboxful.com?shipment;BFTS-3465-2024071810948;20771;18/7/2024 13:28;3;BFTS-3465-2024071810948;https://c807xpresssv.dispatchtrack.com/track/fbd715482ddafe8b9062e2c0;Llego a su destino;CCE;20/7/2024 08:46;#¡REF!
M1970551160;https://tracking.goboxful.com?shipment;BFTS-3465-2024071911006;20772;19/7/2024 09:31;3;BFTS-3465-2024071911006;https://c807xpresssv.dispatchtrack.com/track/52bd700d96061ab2b8552232;Llego a su destino;CCE;23/7/2024 09:54;N
M1970660468;https://tracking.goboxful.com?shipment;BFTS-3465-2024071911014;20773;19/7/2024 11:48;4;BFTS-3465-2024071911014;https://c807xpresssv.dispatchtrack.com/track/46170df29a219f5e84e2d2ed;Problemas en la gestion;Direccion incompleta/no contesta;23/7/2024 09:58;#¡REF!
M1970727619;https://tracking.goboxful.com?shipment;BFTS-3465-2024071810956;20774;18/7/2024 14:13;3;BFTS-3465-2024071810956;https://c807xpresssv.dispatchtrack.com/track/48964362780a4328e687063c;Llego a su destino;CCE;20/7/2024 08:39;N
M1970837623;https://tracking.goboxful.com?shipment;BFTS-3465-2024071810981;20775;18/7/2024 19:27;3;BFTS-3465-2024071810981;https://c807xpresssv.dispatchtrack.com/track/fd55ccac3697f5082c6b0d64;Llego a su destino;CCE;20/7/2024 09:56;N
M197112779;https://tracking.goboxful.com?shipment;BFTS-3465-2024071810982;20778;18/7/2024 20:17;3;BFTS-3465-2024071810982;https://c807xpresssv.dispatchtrack.com/track/5d9051788011007e72c496a4;Llego a su destino;CCE;20/7/2024 08:20;N
M197123794;https://tracking.goboxful.com?shipment;BFTS-3465-2024071911056;20779;19/7/2024 15:32;3;BFTS-3465-2024071911056;https://c807xpresssv.dispatchtrack.com/track/8c9c6a2480397c5477b9c877;Llego a su destino;CCE;22/7/2024 15:07;N
M1971357826;https://tracking.goboxful.com?shipment;BFTS-3465-2024071810998;20780;18/7/2024 21:34;3;BFTS-3465-2024071810998;https://c807xpresssv.dispatchtrack.com/track/27c68d9aff7db320bc9f4e2d;Llego a su destino;CCE;20/7/2024 12:14;N
M1971360314;https://tracking.goboxful.com?shipment;BFTS-3465-2024071810990;20781;18/7/2024 20:58;3;BFTS-3465-2024071810990;https://c807xpresssv.dispatchtrack.com/track/85fe113e1734b7083cee0bdd;Llego a su destino;CCE;20/7/2024 12:13;#¡REF!
M1971441;https://tracking.goboxful.com?shipment;BFTS-3465-2024071810988;20782;18/7/2024 20:51;3;BFTS-3465-2024071810988;https://c807xpresssv.dispatchtrack.com/track/b8e4f88c220ff1ec2083e28a;Llego a su destino;CCE;22/7/2024 08:55;N
M197153794;https://tracking.goboxful.com?shipment;BFTS-3465-2024071911055;20783;19/7/2024 15:32;3;BFTS-3465-2024071911055;https://c807xpresssv.dispatchtrack.com/track/fae0ab0567ac1bee1d746cd0;Llego a su destino;CCE;22/7/2024 12:13;N
M1971563980;https://tracking.goboxful.com?shipment;BFTS-3465-2024071911000;20784;19/7/2024 04:36;3;BFTS-3465-2024071911000;https://c807xpresssv.dispatchtrack.com/track/cb57b1af6da0eeb34b7beca4;Llego a su destino;CCE;20/7/2024 11:51;N
M1971558895;https://tracking.goboxful.com?shipment;BFTS-3465-2024071911001;20785;19/7/2024 05:07;3;BFTS-3465-2024071911001;https://c807xpresssv.dispatchtrack.com/track/5f3301a1cb0adc2ca7ddf0ae;Llego a su destino;CCE;20/7/2024 11:51;N
M1971663836;https://tracking.goboxful.com?shipment;BFTS-3465-2024071911002;20786;19/7/2024 06:40;3;BFTS-3465-2024071911002;https://c807xpresssv.dispatchtrack.com/track/7857ceefe9c6a9d22740771e;Llego a su destino;CCE;20/7/2024 08:14;N
M1971664571;https://tracking.goboxful.com?shipment;BFTS-3465-2024071911011;20787;19/7/2024 10:55;3;BFTS-3465-2024071911011;https://c807xpresssv.dispatchtrack.com/track/806bebca00f91b4180354bc0;Llego a su destino;CCE;23/7/2024 11:21;N
M1971721630;https://tracking.goboxful.com?shipment;BFTS-3465-2024071911005;20788;19/7/2024 09:06;3;BFTS-3465-2024071911005;https://c807xpresssv.dispatchtrack.com/track/b8b2c4fdc2cc45ca612d88bc;Llego a su destino;SER;20/7/2024 10:18;#¡REF!
M1972565678;https://tracking.goboxful.com?shipment;BFTS-3465-2024071911029;20796;19/7/2024 13:36;3;BFTS-3465-2024071911029;https://c807xpresssv.dispatchtrack.com/track/c4a2a21fef84a5ec3179c19d;Llego a su destino;SER;22/7/2024 11:17;#¡REF!
M1972657470;https://tracking.goboxful.com?shipment;BFTS-3465-2024071911042;20797;19/7/2024 13:51;3;BFTS-3465-2024071911042;https://c807xpresssv.dispatchtrack.com/track/7cb00229cc4f665b231c6570;Llego a su destino;SER;20/7/2024 13:00;N
M1972755961;https://tracking.goboxful.com?shipment;BFTS-3465-2024071911039;20798;19/7/2024 13:46;3;BFTS-3465-2024071911039;https://c807xpresssv.dispatchtrack.com/track/d7fc8eb281620a0f018f970c;Llego a su destino;CCE;22/7/2024 11:21;N
M1972757498;https://tracking.goboxful.com?shipment;BFTS-3465-2024071911041;20799;19/7/2024 13:49;3;BFTS-3465-2024071911041;https://c807xpresssv.dispatchtrack.com/track/8ef9aa9909fe173dc6204818;Llego a su destino;CCE;20/7/2024 12:56;N
M1972862954;https://tracking.goboxful.com?shipment;BFTS-3465-2024071911043;20800;19/7/2024 14:19;4;BFTS-3465-2024071911043;https://c807xpresssv.dispatchtrack.com/track/cf5db0c93220a3dc66fe8076;Ingresado al sistema;;19/7/2024 14:19;N
M1972964451;https://tracking.goboxful.com?shipment;BFTS-3465-2024072011072;20801;20/7/2024 09:09;3;BFTS-3465-2024072011072;https://c807xpresssv.dispatchtrack.com/track/c73240857c0dc95a7d22fd92;Llego a su destino;CCE;23/7/2024 10:51;N
M1973057304;https://tracking.goboxful.com?shipment;BFTS-3465-2024071911045;20803;19/7/2024 14:52;4;BFTS-3465-2024071911045;https://c807xpresssv.dispatchtrack.com/track/9f454b09fc3659683a6dff8b;Ingresado al sistema;;19/7/2024 14:52;N
M1973116246;https://tracking.goboxful.com?shipment;BFTS-3465-2024071911044;20804;19/7/2024 14:35;3;BFTS-3465-2024071911044;https://c807xpresssv.dispatchtrack.com/track/2035c6ecbe4a4b5148956427;Llego a su destino;SER;23/7/2024 10:23;N
M1973260740;https://tracking.goboxful.com?shipment;BFTS-3465-2024071911057;20805;19/7/2024 15:41;3;BFTS-3465-2024071911057;https://c807xpresssv.dispatchtrack.com/track/b5fbde69f993a93f957e4eef;Ingresado al sistema;;19/7/2024 15:41;N
M1973453429;https://tracking.goboxful.com?shipment;BFTS-3465-2024072011095;20810;20/7/2024 20:01;3;BFTS-3465-2024072011095;https://c807xpresssv.dispatchtrack.com/track/a6bddb324a82d5f132423334;Llego a su destino;CCE;26/7/2024 10:16;N
M1973457826;https://tracking.goboxful.com?shipment;BFTS-3465-2024071911059;20811;19/7/2024 16:31;3;BFTS-3465-2024071911059;https://c807xpresssv.dispatchtrack.com/track/7eb48d735ce6912dd6d7562f;Llego a su destino;CCE;24/7/2024 10:30;N
M1973647517;https://tracking.goboxful.com?shipment;BFTS-3465-2024072211160;20813;22/7/2024 12:38;3;BFTS-3465-2024072211160;https://c807xpresssv.dispatchtrack.com/track/dddaae76e847caf31372dea2;Llego a su destino;CCE;23/7/2024 11:03;N
M1973852635;https://tracking.goboxful.com?shipment;BFTS-3465-2024071911061;20815;19/7/2024 19:50;3;BFTS-3465-2024071911061;https://c807xpresssv.dispatchtrack.com/track/3e605fbcd770f1484c3a2475;Llego a su destino;CCE;30/7/2024 11:27;N
M1973955458;https://tracking.goboxful.com?shipment;BFTS-3465-2024071911063;20816;19/7/2024 20:44;4;BFTS-3465-2024071911063;https://c807xpresssv.dispatchtrack.com/track/ff171d2839a3c295f14dec94;Ingresado al sistema;;19/7/2024 20:44;N
M1974054524;https://tracking.goboxful.com?shipment;BFTS-3465-2024071911066;20818;19/7/2024 20:55;3;BFTS-3465-2024071911066;https://c807xpresssv.dispatchtrack.com/track/e275ffde2f44d008063a3c8f;Llego a su destino;CCE;25/7/2024 10:40;#¡REF!
M1974065419;https://tracking.goboxful.com?shipment;BFTS-3465-2024071911067;20819;19/7/2024 21:34;4;BFTS-3465-2024071911067;https://c807xpresssv.dispatchtrack.com/track/a9098408797a32953103880e;Se adjuntaron archivos a la gui­a;;22/7/2024 09:16;N
M1974255514;https://tracking.goboxful.com?shipment;BFTS-3465-2024071911069;20822;19/7/2024 22:56;3;BFTS-3465-2024071911069;https://c807xpresssv.dispatchtrack.com/track/605993e23ce0ad5125e1f1ca;Llego a su destino;CCE;22/7/2024 09:19;#¡REF!
M1974334950;https://tracking.goboxful.com?shipment;BFTS-3465-2024072011070;20823;20/7/2024 00:46;3;BFTS-3465-2024072011070;https://c807xpresssv.dispatchtrack.com/track/7a794da09227267eb503b3e7;Llego a su destino;SER;22/7/2024 08:47;N
M197449722;https://tracking.goboxful.com?shipment;BFTS-3465-2024072211134;20824;22/7/2024 08:04;3;BFTS-3465-2024072211134;https://c807xpresssv.dispatchtrack.com/track/a206a97b1c1ad80eb8d401a3;Ingresado al sistema;;22/7/2024 08:04;N
M1974555054;https://tracking.goboxful.com?shipment;BFTS-3465-2024072011084;20825;20/7/2024 10:49;3;BFTS-3465-2024072011084;https://c807xpresssv.dispatchtrack.com/track/02eda79d9aa737ebfae23ac0;Llego a su destino;CCE;23/7/2024 13:07;#¡REF!
M1974557826;https://tracking.goboxful.com?shipment;BFTS-3465-2024072011080;20826;20/7/2024 10:11;3;BFTS-3465-2024072011080;https://c807xpresssv.dispatchtrack.com/track/036abd8343b52384df572478;Llego a su destino;CCE;23/7/2024 13:07;N
M1974627113;https://tracking.goboxful.com?shipment;BFTS-3465-2024072011099;20827;20/7/2024 21:26;3;BFTS-3465-2024072011099;https://c807xpresssv.dispatchtrack.com/track/dba875b550fbe5313ac57be2;Llego a su destino;SER;23/7/2024 11:59;N
M1974651160;https://tracking.goboxful.com?shipment;BFTS-3465-2024072211138;20828;22/7/2024 08:49;3;BFTS-3465-2024072211138;https://c807xpresssv.dispatchtrack.com/track/8c08830b26b595f2a6f672b9;Llego a su destino;SER;23/7/2024 11:59;N
M1974656270;https://tracking.goboxful.com?shipment;BFTS-3465-2024072111111;20829;21/7/2024 08:23;3;BFTS-3465-2024072111111;https://c807xpresssv.dispatchtrack.com/track/b8f64749466a4fb6418d68f1;Llego a su destino;SER;23/7/2024 11:59;N
M1974760815;https://tracking.goboxful.com?shipment;BFTS-3465-2024072011089;20830;20/7/2024 12:47;3;BFTS-3465-2024072011089;https://c807xpresssv.dispatchtrack.com/track/5efc3a16ecd8bd722c4414d3;Llego a su destino;CCE;23/7/2024 16:55;N
M1974760815;https://tracking.goboxful.com?shipment;BFTS-3465-2024072011090;20830;20/7/2024 12:56;3;BFTS-3465-2024072011090;https://c807xpresssv.dispatchtrack.com/track/32d686f925512fbca96c2fb4;Ingresado al sistema;;20/7/2024 12:56;Y
M1974811163;https://tracking.goboxful.com?shipment;BFTS-3465-2024072011093;20831;20/7/2024 15:48;4;BFTS-3465-2024072011093;https://c807xpresssv.dispatchtrack.com/track/ea5445f49e0f621708658858;Ingresado al sistema;;20/7/2024 15:48;N
M1974831539;https://tracking.goboxful.com?shipment;BFTS-3465-2024072011092;20832;20/7/2024 15:45;3;BFTS-3465-2024072011092;https://c807xpresssv.dispatchtrack.com/track/7e8c5cc42a6cfe0999833aed;Llego a su destino;CCE;29/7/2024 08:46;N
M1974831539;https://tracking.goboxful.com?shipment;BFTS-3465-2024072411313;20832;24/7/2024 10:36;3;BFTS-3465-2024072411313;https://c807xpresssv.dispatchtrack.com/track/144ed04db488d8ffbd443a19;Ingresado al sistema;;24/7/2024 10:36;Y
M1974944716;https://tracking.goboxful.com?shipment;BFTS-3465-2024072011094;20834;20/7/2024 18:04;3;BFTS-3465-2024072011094;https://c807xpresssv.dispatchtrack.com/track/31834fa600f0326bdad7a12b;Llego a su destino;CCE;23/7/2024 14:47;N
M1975157064;https://tracking.goboxful.com?shipment;BFTS-3465-2024072011098;20837;20/7/2024 21:24;4;BFTS-3465-2024072011098;https://c807xpresssv.dispatchtrack.com/track/7f714b9ee8d5fef83f886a84;Problemas en la gestion;Cliente rechaza envio;23/7/2024 10:46;N
M1975261915;https://tracking.goboxful.com?shipment;BFTS-3465-2024072011096;20838;20/7/2024 20:59;4;BFTS-3465-2024072011096;https://c807xpresssv.dispatchtrack.com/track/5dc59382eaf747d1c94efe42;Problemas en la gestion;Cliente rechaza envio;23/7/2024 10:46;N
M1975449430;https://tracking.goboxful.com?shipment;BFTS-3465-2024072011097;20847;20/7/2024 21:10;3;BFTS-3465-2024072011097;https://c807xpresssv.dispatchtrack.com/track/8c61962006ee4f70d5ea2a4e;Llego a su destino;CCE;23/7/2024 12:56;N
M1975556193;https://tracking.goboxful.com?shipment;BFTS-3465-2024072111114;20848;21/7/2024 11:41;3;BFTS-3465-2024072111114;https://c807xpresssv.dispatchtrack.com/track/2e2bf0f586bccd9844b7896d;Llego a su destino;CCE;23/7/2024 13:25;N
M1975660477;https://tracking.goboxful.com?shipment;BFTS-3465-2024072111110;20849;21/7/2024 08:17;3;BFTS-3465-2024072111110;https://c807xpresssv.dispatchtrack.com/track/0ac529e14ede34cde67d283a;Llego a su destino;SER;23/7/2024 15:21;N
M1975858869;https://tracking.goboxful.com?shipment;BFTS-3465-2024072111116;20851;21/7/2024 12:56;3;BFTS-3465-2024072111116;https://c807xpresssv.dispatchtrack.com/track/3fbffc82e3d0d45f598f95f1;Llego a su destino;CCE;23/7/2024 12:00;N
M1975965866;https://tracking.goboxful.com?shipment;BFTS-3465-2024072111115;20852;21/7/2024 12:19;3;BFTS-3465-2024072111115;https://c807xpresssv.dispatchtrack.com/track/0a2fe7975733707a7f4fddff;Llego a su destino;CCE;23/7/2024 12:04;N
M1976055304;https://tracking.goboxful.com?shipment;BFTS-3465-2024072411317;20853;24/7/2024 11:01;3;BFTS-3465-2024072411317;https://c807xpresssv.dispatchtrack.com/track/ab676d53341b0c477b42eb8c;Llego a su destino;CCE;25/7/2024 13:00;N
M1976116634;https://tracking.goboxful.com?shipment;BFTS-3465-2024072211200;20854;22/7/2024 15:06;3;BFTS-3465-2024072211200;https://c807xpresssv.dispatchtrack.com/track/412ff5526d1cc19189f59b5d;Llego a su destino;SER;24/7/2024 12:06;N
M1976264061;https://tracking.goboxful.com?shipment;BFTS-3465-2024072111117;20855;21/7/2024 16:21;3;BFTS-3465-2024072111117;https://c807xpresssv.dispatchtrack.com/track/7ba171a7842d558ee093ec8e;Llego a su destino;SER;23/7/2024 11:55;N
M1976312326;https://tracking.goboxful.com?shipment;BFTS-3465-2024072111118;20856;21/7/2024 17:39;3;BFTS-3465-2024072111118;https://c807xpresssv.dispatchtrack.com/track/e032504be0cfa211a8fdc44e;Llego a su destino;CCE;23/7/2024 13:47;N
M1976443494;https://tracking.goboxful.com?shipment;BFTS-3465-2024072311282;20857;23/7/2024 16:08;4;BFTS-3465-2024072311282;https://c807xpresssv.dispatchtrack.com/track/8bd6192b07a4deaf84f614f0;Ingresado al sistema;;23/7/2024 16:08;N
M1976564451;https://tracking.goboxful.com?shipment;BFTS-3465-2024072211197;20858;22/7/2024 14:43;3;BFTS-3465-2024072211197;https://c807xpresssv.dispatchtrack.com/track/556c38de936ecc7aaffc30bb;Llego a su destino;SER;24/7/2024 17:07;N
M1976560815;https://tracking.goboxful.com?shipment;BFTS-3465-2024072111123;20859;21/7/2024 20:38;3;BFTS-3465-2024072111123;https://c807xpresssv.dispatchtrack.com/track/f67cfad8945fc60814a1071d;Llego a su destino;SER;23/7/2024 12:54;N
M1976658895;https://tracking.goboxful.com?shipment;BFTS-3465-2024072211137;20860;22/7/2024 08:35;3;BFTS-3465-2024072211137;https://c807xpresssv.dispatchtrack.com/track/5e1a8c7eaa0857a7d9639b25;Llego a su destino;CCE;24/7/2024 11:17;N
M1976658705;https://tracking.goboxful.com?shipment;BFTS-3465-2024072311277;20861;23/7/2024 15:39;3;BFTS-3465-2024072311277;https://c807xpresssv.dispatchtrack.com/track/7b83d996882a84a9ad79499a;Llego a su destino;CCE;25/7/2024 12:29;N
M1976755304;https://tracking.goboxful.com?shipment;BFTS-3465-2024072411316;20862;24/7/2024 11:01;3;BFTS-3465-2024072411316;https://c807xpresssv.dispatchtrack.com/track/147bc49de9335e461dac6c56;Llego a su destino;CCE;25/7/2024 07:49;N
M1976864451;https://tracking.goboxful.com?shipment;BFTS-3465-2024072211196;20863;22/7/2024 14:42;3;BFTS-3465-2024072211196;https://c807xpresssv.dispatchtrack.com/track/e562f8ed022a05fe3eab236d;Llego a su destino;CCE;25/7/2024 14:45;N
M1976928216;https://tracking.goboxful.com?shipment;BFTS-3465-2024072211220;20864;22/7/2024 19:56;4;BFTS-3465-2024072211220;https://c807xpresssv.dispatchtrack.com/track/49058c7095ce8e57e4919860;Ingresado al sistema;;22/7/2024 19:56;N
M1976928216;https://tracking.goboxful.com?shipment;BFTS-3465-2024073011766;20864;30/7/2024 15:41;4;BFTS-3465-2024073011766;https://c807xpresssv.dispatchtrack.com/track/09f42a1fddd3f9005f4eea1f;Ingresado al sistema;;30/7/2024 15:41;Y
M1977056021;https://tracking.goboxful.com?shipment;BFTS-3465-2024072211198;20865;22/7/2024 14:48;3;BFTS-3465-2024072211198;https://c807xpresssv.dispatchtrack.com/track/b125c5846c4676fafe47f0f7;Ingresado al sistema;;22/7/2024 14:48;N
M1977056021;https://tracking.goboxful.com?shipment;BFTS-3465-2024072411305;20865;24/7/2024 09:55;3;BFTS-3465-2024072411305;https://c807xpresssv.dispatchtrack.com/track/7a43c49a5da0aa66784d89a4;Llego a su destino;SER;25/7/2024 12:09;Y
M1977189;https://tracking.goboxful.com?shipment;BFTS-3465-2024072211207;20866;22/7/2024 16:20;3;BFTS-3465-2024072211207;https://c807xpresssv.dispatchtrack.com/track/20722000078dd0e69cb37ed7;Llego a su destino;CCE;23/7/2024 12:50;N
M1977259000;https://tracking.goboxful.com?shipment;BFTS-3465-2024072211156;20867;22/7/2024 12:08;3;BFTS-3465-2024072211156;https://c807xpresssv.dispatchtrack.com/track/d29460864757559e184312f0;Llego a su destino;SER;24/7/2024 10:12;N
M1977364396;https://tracking.goboxful.com?shipment;BFTS-3465-2024072211163;20868;22/7/2024 13:23;3;BFTS-3465-2024072211163;https://c807xpresssv.dispatchtrack.com/track/15c03d48d30c8fde0f234670;Llego a su destino;CCE;25/7/2024 08:19;N
M1977450603;https://tracking.goboxful.com?shipment;BFTS-3465-2024072211189;20869;22/7/2024 14:03;3;BFTS-3465-2024072211189;https://c807xpresssv.dispatchtrack.com/track/3edac3ec38e6761865cae985;Llego a su destino;CCE;24/7/2024 09:43;N
M1977559000;https://tracking.goboxful.com?shipment;BFTS-3465-2024072211211;20870;22/7/2024 17:07;3;BFTS-3465-2024072211211;https://c807xpresssv.dispatchtrack.com/track/8cecbf4aed16a85fb08046c7;Llego a su destino;CCE;24/7/2024 09:53;N
M1977657470;https://tracking.goboxful.com?shipment;BFTS-3465-2024072211218;20871;22/7/2024 18:45;4;BFTS-3465-2024072211218;https://c807xpresssv.dispatchtrack.com/track/b136949f6589322ae6db714f;Problemas en la gestion;INGRESO AGENCIA SANTA TECLA;27/7/2024 13:08;N
M1977763597;https://tracking.goboxful.com?shipment;BFTS-3465-2024072211221;20872;22/7/2024 20:58;3;BFTS-3465-2024072211221;https://c807xpresssv.dispatchtrack.com/track/05727d158a7bbb8ceeccdcfa;Llego a su destino;CCE;24/7/2024 17:21;N
M1977865473;https://tracking.goboxful.com?shipment;BFTS-3465-2024072311232;20873;23/7/2024 09:17;3;BFTS-3465-2024072311232;https://c807xpresssv.dispatchtrack.com/track/87054773a9045409e0a7b78f;Llego a su destino;CCE;25/7/2024 09:43;N
M197798093;https://tracking.goboxful.com?shipment;BFTS-3465-2024072411381;20874;24/7/2024 20:26;3;BFTS-3465-2024072411381;https://c807xpresssv.dispatchtrack.com/track/43a14dbe0cbda2153e2c1d64;Ingresado al sistema;;24/7/2024 20:26;N
M197798093;https://tracking.goboxful.com?shipment;BFTS-3465-2024072411382;20874;24/7/2024 20:27;3;BFTS-3465-2024072411382;https://c807xpresssv.dispatchtrack.com/track/bd726d6db78d221bd1505f24;Llego a su destino;CCE;26/7/2024 12:22;Y
M1977913010;https://tracking.goboxful.com?shipment;BFTS-3465-2024072311234;20875;23/7/2024 09:35;3;BFTS-3465-2024072311234;https://c807xpresssv.dispatchtrack.com/track/d38809be9f8b4b2b7b98b4b4;Llego a su destino;CCE;25/7/2024 11:14;N
M1977957844;https://tracking.goboxful.com?shipment;BFTS-3465-2024072311288;20876;23/7/2024 17:26;3;BFTS-3465-2024072311288;https://c807xpresssv.dispatchtrack.com/track/83efa1262aa3f027b1d9cc25;Llego a su destino;CCE;25/7/2024 11:13;N
M1978050603;https://tracking.goboxful.com?shipment;BFTS-3465-2024072311238;20877;23/7/2024 10:51;3;BFTS-3465-2024072311238;https://c807xpresssv.dispatchtrack.com/track/7a3d592f39e87e16c4487909;Llego a su destino;CCE;24/7/2024 11:04;N
M1978189;https://tracking.goboxful.com?shipment;BFTS-3465-2024072311264;20878;23/7/2024 14:31;3;BFTS-3465-2024072311264;https://c807xpresssv.dispatchtrack.com/track/c263663050107c3f953dccb4;Llego a su destino;CCE;24/7/2024 11:51;N
M1978256368;https://tracking.goboxful.com?shipment;BFTS-3465-2024072311265;20879;23/7/2024 14:37;3;BFTS-3465-2024072311265;https://c807xpresssv.dispatchtrack.com/track/8197bc93f912ab08e1b6a003;Ingresado al sistema;;23/7/2024 14:37;N
M1978256368;https://tracking.goboxful.com?shipment;BFTS-3465-2024072311271;20879;23/7/2024 15:11;3;BFTS-3465-2024072311271;https://c807xpresssv.dispatchtrack.com/track/5d6816288e04490703be73c1;Ingresado al sistema;;23/7/2024 15:11;Y
M1978256368;https://tracking.goboxful.com?shipment;BFTS-3465-2024072311271;20879;23/7/2024 15:13;3;BFTS-3465-2024072311271;https://c807xpresssv.dispatchtrack.com/track/5d6816288e04490703be73c1;Ingresado al sistema;;23/7/2024 15:11;Y
M1978256368;https://tracking.goboxful.com?shipment;BFTS-3465-2024072311274;20879;23/7/2024 15:19;3;BFTS-3465-2024072311274;https://c807xpresssv.dispatchtrack.com/track/e495508b61ae3558033da37b;Llego a su destino;CCE;25/7/2024 11:08;Y
M1978256368;https://tracking.goboxful.com?shipment;BFTS-3465-2024072311274;20879;23/7/2024 15:20;3;BFTS-3465-2024072311274;https://c807xpresssv.dispatchtrack.com/track/e495508b61ae3558033da37b;Llego a su destino;CCE;25/7/2024 11:08;Y
M1978247530;https://tracking.goboxful.com?shipment;BFTS-3465-2024072311267;20880;23/7/2024 14:38;3;BFTS-3465-2024072311267;https://c807xpresssv.dispatchtrack.com/track/3460e4df1effdbf8c376d397;Ingresado al sistema;;23/7/2024 14:38;N
M1978247530;https://tracking.goboxful.com?shipment;BFTS-3465-2024072311272;20880;23/7/2024 15:12;3;BFTS-3465-2024072311272;https://c807xpresssv.dispatchtrack.com/track/cda97a517c2f42560b84a4ec;Llego a su destino;CCE;25/7/2024 11:08;Y
M1978247530;https://tracking.goboxful.com?shipment;BFTS-3465-2024072311272;20880;23/7/2024 15:13;3;BFTS-3465-2024072311272;https://c807xpresssv.dispatchtrack.com/track/cda97a517c2f42560b84a4ec;Llego a su destino;CCE;25/7/2024 11:08;Y
M1978247530;https://tracking.goboxful.com?shipment;BFTS-3465-2024072311275;20880;23/7/2024 15:21;3;BFTS-3465-2024072311275;https://c807xpresssv.dispatchtrack.com/track/87249e0b0ede5a48a12cee1b;Ingresado al sistema;;23/7/2024 15:21;Y
M1978247530;https://tracking.goboxful.com?shipment;BFTS-3465-2024072311275;20880;23/7/2024 15:21;3;BFTS-3465-2024072311275;https://c807xpresssv.dispatchtrack.com/track/87249e0b0ede5a48a12cee1b;Ingresado al sistema;;23/7/2024 15:21;Y
M1978216246;https://tracking.goboxful.com?shipment;BFTS-3465-2024072311289;20881;23/7/2024 17:33;3;BFTS-3465-2024072311289;https://c807xpresssv.dispatchtrack.com/track/6ba082445cc8db02985efa9f;Llego a su destino;CCE;25/7/2024 07:31;N
M1978464634;https://tracking.goboxful.com?shipment;BFTS-3465-2024072611512;20883;26/7/2024 18:05;4;BFTS-3465-2024072611512;https://c807xpresssv.dispatchtrack.com/track/a93d60bb7ebf1c8eeb94e528;Ingresado al sistema;;26/7/2024 18:05;N
M1978464634;https://tracking.goboxful.com?shipment;BFTS-3465-2024072811599;20883;28/7/2024 23:15;4;BFTS-3465-2024072811599;https://c807xpresssv.dispatchtrack.com/track/bd07142322d7c8171c123396;Ingresado al sistema;;28/7/2024 23:15;Y
M1978616246;https://tracking.goboxful.com?shipment;BFTS-3465-2024072311294;20888;23/7/2024 23:09;3;BFTS-3465-2024072311294;https://c807xpresssv.dispatchtrack.com/track/c8fe9fd7c83c1b7e2c3efce6;Llego a su destino;SER;25/7/2024 12:15;N
M1978861124;https://tracking.goboxful.com?shipment;BFTS-3465-2024072411295;20890;24/7/2024 06:19;3;BFTS-3465-2024072411295;https://c807xpresssv.dispatchtrack.com/track/c82ff040e3d1890b2d15a2f0;Llego a su destino;SER;26/7/2024 12:07;N
M1978913010;https://tracking.goboxful.com?shipment;BFTS-3465-2024072411296;20893;24/7/2024 06:24;3;BFTS-3465-2024072411296;https://c807xpresssv.dispatchtrack.com/track/8eb15f05d97ab2d08a86cc85;Llego a su destino;SER;25/7/2024 11:29;N
M1979061445;https://tracking.goboxful.com?shipment;BFTS-3465-2024072411306;20894;24/7/2024 09:56;3;BFTS-3465-2024072411306;https://c807xpresssv.dispatchtrack.com/track/d4963b6e3d2fabceabec18d4;Llego a su destino;CCE;25/7/2024 13:49;N
M1979156270;https://tracking.goboxful.com?shipment;BFTS-3465-2024072411332;20895;24/7/2024 12:50;3;BFTS-3465-2024072411332;https://c807xpresssv.dispatchtrack.com/track/a484e7eed95b9f1df3fd030d;Llego a su destino;CCE;26/7/2024 11:29;N
M1979154950;https://tracking.goboxful.com?shipment;BFTS-3465-2024072411298;20896;24/7/2024 07:48;3;BFTS-3465-2024072411298;https://c807xpresssv.dispatchtrack.com/track/b1cf2d3dcf6675292cec2484;Llego a su destino;CCE;25/7/2024 13:22;N
M1979164916;https://tracking.goboxful.com?shipment;BFTS-3465-2024072411361;20897;24/7/2024 16:04;3;BFTS-3465-2024072411361;https://c807xpresssv.dispatchtrack.com/track/c39bee01ae7ebd7e2ab49f92;Llego a su destino;CCE;26/7/2024 11:29;N
M1979322275;https://tracking.goboxful.com?shipment;BFTS-3465-2024072411326;20899;24/7/2024 11:54;3;BFTS-3465-2024072411326;https://c807xpresssv.dispatchtrack.com/track/5e7900b7ab527344983da29f;Llego a su destino;SER;25/7/2024 12:29;N
M1979423468;https://tracking.goboxful.com?shipment;BFTS-3465-2024072411304;20900;24/7/2024 09:54;3;BFTS-3465-2024072411304;https://c807xpresssv.dispatchtrack.com/track/049803dc45320bbb8e969afe;Llego a su destino;SER;25/7/2024 12:27;N
M1979453429;https://tracking.goboxful.com?shipment;BFTS-3465-2024072411301;20901;24/7/2024 09:37;3;BFTS-3465-2024072411301;https://c807xpresssv.dispatchtrack.com/track/a02722d996185a51f5a09c71;Llego a su destino;SER;26/7/2024 14:20;N
M1979566189;https://tracking.goboxful.com?shipment;BFTS-3465-2024072411335;20902;24/7/2024 13:19;4;BFTS-3465-2024072411335;https://c807xpresssv.dispatchtrack.com/track/1db5f5b11d3ca0371f0445dd;Problemas en la gestion;Cliente rechaza envio;29/7/2024 13:19;N
M1979551362;https://tracking.goboxful.com?shipment;BFTS-3465-2024072411320;20903;24/7/2024 11:12;4;BFTS-3465-2024072411320;https://c807xpresssv.dispatchtrack.com/track/3b1b3531dc06ca53d85e9993;Problemas en la gestion;Mas de 10 minutos de espera;1/8/2024 15:11;N
M1979651362;https://tracking.goboxful.com?shipment;BFTS-3465-2024072411322;20904;24/7/2024 11:14;4;BFTS-3465-2024072411322;https://c807xpresssv.dispatchtrack.com/track/eebf3e6e98c20d8f20daa642;Problemas en la gestion;Mas de 10 minutos de espera;1/8/2024 15:11;N
M1979733261;https://tracking.goboxful.com?shipment;BFTS-3465-2024072411355;20905;24/7/2024 14:49;4;BFTS-3465-2024072411355;https://c807xpresssv.dispatchtrack.com/track/e1f22f57e221514cf28d0f33;Ingresado al sistema;;24/7/2024 14:49;N
M1979721630;https://tracking.goboxful.com?shipment;BFTS-3465-2024072511393;20906;25/7/2024 09:06;3;BFTS-3465-2024072511393;https://c807xpresssv.dispatchtrack.com/track/5e40e1fb3105961dbd15eb5c;Llego a su destino;CCE;26/7/2024 11:52;N
M1979849430;https://tracking.goboxful.com?shipment;BFTS-3465-2024072411323;20907;24/7/2024 11:44;4;BFTS-3465-2024072411323;https://c807xpresssv.dispatchtrack.com/track/859942da2019f461f4dedccf;Problemas en la gestion;Direccion incompleta/no contesta;25/7/2024 11:35;N
M197998371;https://tracking.goboxful.com?shipment;BFTS-3465-2024072411324;20908;24/7/2024 11:48;4;BFTS-3465-2024072411324;https://c807xpresssv.dispatchtrack.com/track/b7190a45b804bfe36c084c00;Problemas en la gestion;Direccion incompleta/no contesta;25/7/2024 11:35;N
M1980156124;https://tracking.goboxful.com?shipment;BFTS-3465-2024072411352;20910;24/7/2024 14:00;3;BFTS-3465-2024072411352;https://c807xpresssv.dispatchtrack.com/track/5bcacc60e504f4b30fb088b6;Llego a su destino;CCE;26/7/2024 10:12;N
M1980264451;https://tracking.goboxful.com?shipment;BFTS-3465-2024072411360;20911;24/7/2024 15:59;3;BFTS-3465-2024072411360;https://c807xpresssv.dispatchtrack.com/track/715fbd329c50e9070aa42176;Llego a su destino;CCE;26/7/2024 11:00;N
M1980361152;https://tracking.goboxful.com?shipment;BFTS-3465-2024072411357;20912;24/7/2024 14:59;3;BFTS-3465-2024072411357;https://c807xpresssv.dispatchtrack.com/track/184057fbbf89794d89f08830;Llego a su destino;CCE;26/7/2024 12:15;N
M1980449839;https://tracking.goboxful.com?shipment;BFTS-3465-2024072411358;20913;24/7/2024 15:19;3;BFTS-3465-2024072411358;https://c807xpresssv.dispatchtrack.com/track/278419614a457c7a8966337e;Llego a su destino;CCE;26/7/2024 14:35;N
M1980557586;https://tracking.goboxful.com?shipment;BFTS-3465-2024072511407;20914;25/7/2024 11:28;3;BFTS-3465-2024072511407;https://c807xpresssv.dispatchtrack.com/track/6bf5464ec941ce2adfa46360;Llego a su destino;SER;26/7/2024 11:12;N
M1980513010;https://tracking.goboxful.com?shipment;BFTS-3465-2024072411363;20915;24/7/2024 16:37;3;BFTS-3465-2024072411363;https://c807xpresssv.dispatchtrack.com/track/81f0232bf51aa4e1c60c808e;Ingresado al sistema;;24/7/2024 16:37;N
M1980620262;https://tracking.goboxful.com?shipment;BFTS-3465-2024072411364;20916;24/7/2024 16:49;3;BFTS-3465-2024072411364;https://c807xpresssv.dispatchtrack.com/track/eb2f77e07bca7b14ecca3c1e;Llego a su destino;CCE;26/7/2024 11:28;N
M1980766405;https://tracking.goboxful.com?shipment;BFTS-3465-2024072411379;20917;24/7/2024 19:04;3;BFTS-3465-2024072411379;https://c807xpresssv.dispatchtrack.com/track/8743aaae0f99cb5a08751773;Llego a su destino;CCE;26/7/2024 08:34;N
M1980851160;https://tracking.goboxful.com?shipment;BFTS-3465-2024072411374;20918;24/7/2024 17:48;4;BFTS-3465-2024072411374;https://c807xpresssv.dispatchtrack.com/track/4553f6f3efc8e9d3af19ed01;Problemas en la gestion;Cerrado casa/negocio;26/7/2024 13:03;N
M1980963493;https://tracking.goboxful.com?shipment;BFTS-3465-2024072511442;20919;25/7/2024 17:21;4;BFTS-3465-2024072511442;https://c807xpresssv.dispatchtrack.com/track/7428fb81ab916eb0f40d6aa8;Ingresado al sistema;;25/7/2024 17:21;N
M1980963493;https://tracking.goboxful.com?shipment;BFTS-3465-2024073011776;20919;30/7/2024 17:02;4;BFTS-3465-2024073011776;https://c807xpresssv.dispatchtrack.com/track/c8775d9f01f0e98fa7cc22f8;Ingresado al sistema;;30/7/2024 17:02;Y
M1981161024;https://tracking.goboxful.com?shipment;BFTS-3465-2024072511413;20921;25/7/2024 12:56;3;BFTS-3465-2024072511413;https://c807xpresssv.dispatchtrack.com/track/1ca53abd753c2cb6f3a12ea9;Llego a su destino;;26/7/2024 15:32;N
M1981389;https://tracking.goboxful.com?shipment;BFTS-3465-2024072511411;20924;25/7/2024 12:01;3;BFTS-3465-2024072511411;https://c807xpresssv.dispatchtrack.com/track/bfe3896c04104abaf485acb4;Llego a su destino;CCE;26/7/2024 15:30;N
M198159900;https://tracking.goboxful.com?shipment;BFTS-3465-2024072611470;20926;26/7/2024 09:09;3;BFTS-3465-2024072611470;https://c807xpresssv.dispatchtrack.com/track/c53d5ac62373f821abd11d0f;Llego a su destino;SER;27/7/2024 07:13;N
M1981758584;https://tracking.goboxful.com?shipment;BFTS-3465-2024072511437;20928;25/7/2024 15:41;3;BFTS-3465-2024072511437;https://c807xpresssv.dispatchtrack.com/track/2c304173cffacce1bae6e4b4;Llego a su destino;CCE;30/7/2024 14:16;N
M1981934512;https://tracking.goboxful.com?shipment;BFTS-3465-2024072511445;20930;25/7/2024 20:34;3;BFTS-3465-2024072511445;https://c807xpresssv.dispatchtrack.com/track/5fafbad6bb2ff340d60ae053;Llego a su destino;;27/7/2024 13:44;N
M1982052966;https://tracking.goboxful.com?shipment;BFTS-3465-2024072511455;20931;25/7/2024 22:16;3;BFTS-3465-2024072511455;https://c807xpresssv.dispatchtrack.com/track/a4bf58ce50d41b18ad8dab4a;Llego a su destino;CCE;29/7/2024 08:18;N
M1982156202;https://tracking.goboxful.com?shipment;BFTS-3465-2024072511456;20932;25/7/2024 22:22;4;BFTS-3465-2024072511456;https://c807xpresssv.dispatchtrack.com/track/fd4608ea12e396e9b1c11c1b;Problemas en la gestion;Direccion incompleta/no contesta;31/7/2024 14:01;N
M1982289;https://tracking.goboxful.com?shipment;BFTS-3465-2024072611459;20933;26/7/2024 07:40;3;BFTS-3465-2024072611459;https://c807xpresssv.dispatchtrack.com/track/a340c101c65c9e3811e1ef83;Ingresado al sistema;;26/7/2024 07:40;N
M1982357826;https://tracking.goboxful.com?shipment;BFTS-3465-2024072611482;20935;26/7/2024 12:01;3;BFTS-3465-2024072611482;https://c807xpresssv.dispatchtrack.com/track/f975bffabbc20dfe82685a7f;Llego a su destino;SER;29/7/2024 09:54;N
M1982358788;https://tracking.goboxful.com?shipment;BFTS-3465-2024072611478;20936;26/7/2024 11:46;3;BFTS-3465-2024072611478;https://c807xpresssv.dispatchtrack.com/track/e34b122151d34aa83e898d68;Llego a su destino;SER;27/7/2024 12:07;N
M1982355329;https://tracking.goboxful.com?shipment;BFTS-3465-2024072611479;20937;26/7/2024 11:49;4;BFTS-3465-2024072611479;https://c807xpresssv.dispatchtrack.com/track/05d1acf20e3e1f65cd24ed79;Ingresado al sistema;;26/7/2024 11:49;N
M1982353534;https://tracking.goboxful.com?shipment;BFTS-3465-2024072611500;20938;26/7/2024 14:48;3;BFTS-3465-2024072611500;https://c807xpresssv.dispatchtrack.com/track/a9e9d286fb8dc9d2fa75cb22;Llego a su destino;SER;27/7/2024 12:07;N
M1982411212;https://tracking.goboxful.com?shipment;BFTS-3465-2024072611498;20939;26/7/2024 14:39;4;BFTS-3465-2024072611498;https://c807xpresssv.dispatchtrack.com/track/046950ba77f1b865960eb367;Ingresado al sistema;;26/7/2024 14:39;N
M1982411212;https://tracking.goboxful.com?shipment;BFTS-3465-2024073111818;20939;31/7/2024 11:22;4;BFTS-3465-2024073111818;https://c807xpresssv.dispatchtrack.com/track/011e21391a4c57769d916a1e;Ingresado al sistema;;31/7/2024 11:22;Y
M198249991;https://tracking.goboxful.com?shipment;BFTS-3465-2024072711535;20940;27/7/2024 15:32;4;BFTS-3465-2024072711535;https://c807xpresssv.dispatchtrack.com/track/09620790294b353dfeea79be;Llego a su destino;SER;30/7/2024 09:01;N
M1982557826;https://tracking.goboxful.com?shipment;BFTS-3465-2024072811564;20941;28/7/2024 11:09;3;BFTS-3465-2024072811564;https://c807xpresssv.dispatchtrack.com/track/57e7235c5e22f74131ef69b2;Se adjuntaron archivos a la gui­a;;30/7/2024 10:39;N
M1982557826;https://tracking.goboxful.com?shipment;BFTS-3465-2024073111817;20941;31/7/2024 11:21;3;BFTS-3465-2024073111817;https://c807xpresssv.dispatchtrack.com/track/b85f13a1f7e86fd72dcdb238;Ingresado al sistema;;31/7/2024 11:21;Y
M1982663153;https://tracking.goboxful.com?shipment;BFTS-3465-2024072911616;20942;29/7/2024 09:25;4;BFTS-3465-2024072911616;https://c807xpresssv.dispatchtrack.com/track/bd261f2b0fc8371a334d6a18;Se adjuntaron archivos a la gui­a;;31/7/2024 09:21;N
M198279866;https://tracking.goboxful.com?shipment;BFTS-3465-2024072611514;20943;26/7/2024 20:35;3;BFTS-3465-2024072611514;https://c807xpresssv.dispatchtrack.com/track/cf56accc037dcc3a909a2a26;Llego a su destino;;30/7/2024 11:24;N
M1982765459;https://tracking.goboxful.com?shipment;BFTS-3465-2024072611516;20944;26/7/2024 23:02;4;BFTS-3465-2024072611516;https://c807xpresssv.dispatchtrack.com/track/f86a33f713129476fb2f959d;Problemas en la gestion;No conocen al cliente;9/8/2024 18:44;N
M1982789;https://tracking.goboxful.com?shipment;BFTS-3465-2024072611515;20945;26/7/2024 20:36;3;BFTS-3465-2024072611515;https://c807xpresssv.dispatchtrack.com/track/21a127b2fabd4eab456d3ff0;Llego a su destino;CCE;30/7/2024 11:24;N
M1982753058;https://tracking.goboxful.com?shipment;BFTS-3465-2024072911618;20946;29/7/2024 09:27;3;BFTS-3465-2024072911618;https://c807xpresssv.dispatchtrack.com/track/e8ca92cdd9b86868c5c3633e;Llego a su destino;CCE;30/7/2024 11:24;N
M1982958676;https://tracking.goboxful.com?shipment;BFTS-3465-2024072911635;20948;29/7/2024 10:46;3;BFTS-3465-2024072911635;https://c807xpresssv.dispatchtrack.com/track/008237c2ba48179dd1a9fa2a;Ingresado al sistema;;29/7/2024 10:46;N
M1983057470;https://tracking.goboxful.com?shipment;BFTS-3465-2024072711536;20949;27/7/2024 15:50;3;BFTS-3465-2024072711536;https://c807xpresssv.dispatchtrack.com/track/1b2e86ae5e06eae30e161715;Llego a su destino;CCE;30/7/2024 10:33;N
M1983049521;https://tracking.goboxful.com?shipment;BFTS-3465-2024072711533;20950;27/7/2024 13:12;3;BFTS-3465-2024072711533;https://c807xpresssv.dispatchtrack.com/track/a147a3612cc1890b399fd0c6;Llego a su destino;CCE;30/7/2024 11:37;N
M198308093;https://tracking.goboxful.com?shipment;BFTS-3465-2024072711532;20951;27/7/2024 13:09;3;BFTS-3465-2024072711532;https://c807xpresssv.dispatchtrack.com/track/73289c26e29c50cafa50c40a;Llego a su destino;CCE;30/7/2024 10:35;N
M1983227668;https://tracking.goboxful.com?shipment;BFTS-3465-2024072811550;20953;28/7/2024 08:15;3;BFTS-3465-2024072811550;https://c807xpresssv.dispatchtrack.com/track/64201be72c4592108a9ed521;Llego a su destino;CCE;30/7/2024 07:31;N
M1983227668;https://tracking.goboxful.com?shipment;BFTS-3465-2024072911603;20953;29/7/2024 08:11;3;BFTS-3465-2024072911603;https://c807xpresssv.dispatchtrack.com/track/4b31e5e42be315a84759fccd;Ingresado al sistema;;29/7/2024 08:11;Y
M1983252351;https://tracking.goboxful.com?shipment;BFTS-3465-2024072811575;20954;28/7/2024 16:27;3;BFTS-3465-2024072811575;https://c807xpresssv.dispatchtrack.com/track/85d160f3be87ea0a76910523;Llego a su destino;CCE;30/7/2024 08:22;N
M1983327668;https://tracking.goboxful.com?shipment;BFTS-3465-2024072811551;20955;28/7/2024 09:12;3;BFTS-3465-2024072811551;https://c807xpresssv.dispatchtrack.com/track/8a780411d246ec9db6e9f596;Llego a su destino;CCE;30/7/2024 12:58;N
M1983464559;https://tracking.goboxful.com?shipment;BFTS-3465-2024072811565;20956;28/7/2024 11:39;3;BFTS-3465-2024072811565;https://c807xpresssv.dispatchtrack.com/track/fd40b43b7f43fbb3b0f6dfda;Llego a su destino;SER;30/7/2024 13:02;N
M1983555660;https://tracking.goboxful.com?shipment;BFTS-3465-2024072811566;20957;28/7/2024 12:00;3;BFTS-3465-2024072811566;https://c807xpresssv.dispatchtrack.com/track/64576fade65bef5aac4370de;Llego a su destino;SER;31/7/2024 11:35;N
M1983651591;https://tracking.goboxful.com?shipment;BFTS-3465-2024072811568;20958;28/7/2024 13:09;3;BFTS-3465-2024072811568;https://c807xpresssv.dispatchtrack.com/track/1adde6752d3836fef5d95167;Llego a su destino;CCE;30/7/2024 13:23;N
M1983754986;https://tracking.goboxful.com?shipment;BFTS-3465-2024073011739;20959;30/7/2024 13:20;3;BFTS-3465-2024073011739;https://c807xpresssv.dispatchtrack.com/track/4207ef3e56477a004380681e;Llego a su destino;SER;31/7/2024 09:00;N
M1983854696;https://tracking.goboxful.com?shipment;BFTS-3465-2024072911634;20960;29/7/2024 10:45;3;BFTS-3465-2024072911634;https://c807xpresssv.dispatchtrack.com/track/ea2cfae4f52b4a7906023579;Llego a su destino;SER;30/7/2024 10:29;N
M1983858227;https://tracking.goboxful.com?shipment;BFTS-3465-2024072811570;20962;28/7/2024 13:54;3;BFTS-3465-2024072811570;https://c807xpresssv.dispatchtrack.com/track/f169570c04bd31252e0895e0;Llego a su destino;SER;30/7/2024 10:27;N
M1983827668;https://tracking.goboxful.com?shipment;BFTS-3465-2024072811572;20963;28/7/2024 14:38;3;BFTS-3465-2024072811572;https://c807xpresssv.dispatchtrack.com/track/04c03c66c99dc26aec615715;Llego a su destino;SER;30/7/2024 10:28;N
M1983810158;https://tracking.goboxful.com?shipment;BFTS-3465-2024072811569;20964;28/7/2024 13:33;3;BFTS-3465-2024072811569;https://c807xpresssv.dispatchtrack.com/track/92f501d3b0e85fb39d058583;Llego a su destino;SER;30/7/2024 10:28;N
M1983958584;https://tracking.goboxful.com?shipment;BFTS-3465-2024072811571;20965;28/7/2024 13:54;3;BFTS-3465-2024072811571;https://c807xpresssv.dispatchtrack.com/track/688a259d5c4ac7ad2c73321e;Llego a su destino;CCE;31/7/2024 11:20;N
M1984016246;https://tracking.goboxful.com?shipment;BFTS-3465-2024072811596;20966;28/7/2024 18:17;3;BFTS-3465-2024072811596;https://c807xpresssv.dispatchtrack.com/track/a669011ea83320bffa3e993b;Llego a su destino;CCE;30/7/2024 11:49;N
M198403794;https://tracking.goboxful.com?shipment;BFTS-3465-2024072911680;20967;29/7/2024 15:01;3;BFTS-3465-2024072911680;https://c807xpresssv.dispatchtrack.com/track/9c750aad28a82d15068056df;Llego a su destino;CCE;31/7/2024 10:37;N
M1984154062;https://tracking.goboxful.com?shipment;BFTS-3465-2024072911604;20969;29/7/2024 08:11;3;BFTS-3465-2024072911604;https://c807xpresssv.dispatchtrack.com/track/a33d8ea942c0fee66aa80835;Llego a su destino;SER;1/8/2024 11:28;N
M1984154062;https://tracking.goboxful.com?shipment;BFTS-3465-2024072911612;20969;29/7/2024 09:00;3;BFTS-3465-2024072911612;https://c807xpresssv.dispatchtrack.com/track/2ff1f51b30468cea40633b50;Ingresado al sistema;;29/7/2024 09:00;Y
M1984351037;https://tracking.goboxful.com?shipment;BFTS-3465-2024072811574;20971;28/7/2024 16:12;3;BFTS-3465-2024072811574;https://c807xpresssv.dispatchtrack.com/track/d148c6578c911047c96a1b70;Llego a su destino;CCE;30/7/2024 08:32;N
M1984554986;https://tracking.goboxful.com?shipment;BFTS-3465-2024073011738;20973;30/7/2024 13:19;3;BFTS-3465-2024073011738;https://c807xpresssv.dispatchtrack.com/track/282de1dda1bea484ef28f6ed;Llego a su destino;CCE;31/7/2024 14:36;N
M1984560314;https://tracking.goboxful.com?shipment;BFTS-3465-2024072811598;20974;28/7/2024 19:38;3;BFTS-3465-2024072811598;https://c807xpresssv.dispatchtrack.com/track/2610a992d36712aa486ef9e3;Llego a su destino;CCE;31/7/2024 14:36;N
M1984754696;https://tracking.goboxful.com?shipment;BFTS-3465-2024072911631;20976;29/7/2024 10:33;3;BFTS-3465-2024072911631;https://c807xpresssv.dispatchtrack.com/track/96dc9f17d45474bb8c657f82;Llego a su destino;SER;30/7/2024 14:46;N
M1984862109;https://tracking.goboxful.com?shipment;BFTS-3465-2024072911600;20977;29/7/2024 06:16;4;BFTS-3465-2024072911600;https://c807xpresssv.dispatchtrack.com/track/a040a1782180d20b04d933ab;Ingresado al sistema;;29/7/2024 06:16;N
M1985027668;https://tracking.goboxful.com?shipment;BFTS-3465-2024072911620;20980;29/7/2024 09:30;4;BFTS-3465-2024072911620;https://c807xpresssv.dispatchtrack.com/track/c58cd24c3551c97d64bfb040;Ingresado al sistema;;29/7/2024 09:30;N
M1985153058;https://tracking.goboxful.com?shipment;BFTS-3465-2024072911617;20981;29/7/2024 09:26;3;BFTS-3465-2024072911617;https://c807xpresssv.dispatchtrack.com/track/9761baf29416facdb7282db0;Llego a su destino;SER;30/7/2024 07:32;N
M1985249737;https://tracking.goboxful.com?shipment;BFTS-3465-2024073011729;20982;30/7/2024 11:02;3;BFTS-3465-2024073011729;https://c807xpresssv.dispatchtrack.com/track/0a4d5272d10f9e5755f10884;Llego a su destino;SER;31/7/2024 12:14;N
M1985257826;https://tracking.goboxful.com?shipment;BFTS-3465-2024072911628;20983;29/7/2024 10:10;3;BFTS-3465-2024072911628;https://c807xpresssv.dispatchtrack.com/track/76068fa7c88250c860672717;Llego a su destino;SER;30/7/2024 14:35;N
M1985357826;https://tracking.goboxful.com?shipment;BFTS-3465-2024072911652;20984;29/7/2024 12:15;3;BFTS-3465-2024072911652;https://c807xpresssv.dispatchtrack.com/track/01050da4e50fd3efccdf6321;Llego a su destino;SER;30/7/2024 14:09;N
M1985465646;https://tracking.goboxful.com?shipment;BFTS-3465-2024072911693;20985;29/7/2024 16:56;3;BFTS-3465-2024072911693;https://c807xpresssv.dispatchtrack.com/track/e62f165f7674329e0404a7dc;Llego a su destino;CCE;1/8/2024 16:42;N
M1985521382;https://tracking.goboxful.com?shipment;BFTS-3465-2024072911696;20986;29/7/2024 17:05;3;BFTS-3465-2024072911696;https://c807xpresssv.dispatchtrack.com/track/445fd74dd489ad204f5cf232;Llego a su destino;CCE;31/7/2024 12:01;N
M1985663955;https://tracking.goboxful.com?shipment;BFTS-3465-2024072911702;20987;29/7/2024 18:59;3;BFTS-3465-2024072911702;https://c807xpresssv.dispatchtrack.com/track/761d77b6c9cfdf6d4c22d398;Llego a su destino;SER;31/7/2024 13:36;N
M1985714930;https://tracking.goboxful.com?shipment;BFTS-3465-2024073011725;20988;30/7/2024 10:11;3;BFTS-3465-2024073011725;https://c807xpresssv.dispatchtrack.com/track/da48bfa3a552887c4718b875;Llego a su destino;SER;1/8/2024 12:49;N
M1985847530;https://tracking.goboxful.com?shipment;BFTS-3465-2024073011727;20989;30/7/2024 10:37;3;BFTS-3465-2024073011727;https://c807xpresssv.dispatchtrack.com/track/15f9628044a54688e03266a5;Llego a su destino;SER;31/7/2024 11:48;N
M1986013010;https://tracking.goboxful.com?shipment;BFTS-3465-2024073011718;20991;30/7/2024 08:13;3;BFTS-3465-2024073011718;https://c807xpresssv.dispatchtrack.com/track/aeed5ccbce6c30a839b74926;Llego a su destino;SER;1/8/2024 08:29;N
M1986157321;https://tracking.goboxful.com?shipment;BFTS-3465-2024072911710;20992;29/7/2024 22:08;3;BFTS-3465-2024072911710;https://c807xpresssv.dispatchtrack.com/track/ad233cac1d8dd405bee74ba6;Llego a su destino;CCE;31/7/2024 12:35;N
M1987351160;https://tracking.goboxful.com?shipment;BFTS-3465-2024073011711;21008;30/7/2024 01:41;4;BFTS-3465-2024073011711;https://c807xpresssv.dispatchtrack.com/track/08030713b8b1373962845ef2;Ingresado al sistema;;30/7/2024 01:41;N
M198748528;https://tracking.goboxful.com?shipment;BFTS-3465-2024073011722;21009;30/7/2024 09:15;3;BFTS-3465-2024073011722;https://c807xpresssv.dispatchtrack.com/track/70aafec7f40bdd55980f92ac;Llego a su destino;CCE;3/8/2024 10:34;N
M1987461734;https://tracking.goboxful.com?shipment;BFTS-3465-2024073011781;21010;30/7/2024 19:59;4;BFTS-3465-2024073011781;https://c807xpresssv.dispatchtrack.com/track/687567dd5136eb42e015d5b1;Ingresado al sistema;;30/7/2024 19:59;N
M1987560815;https://tracking.goboxful.com?shipment;BFTS-3465-2024073011712;21011;30/7/2024 05:53;3;BFTS-3465-2024073011712;https://c807xpresssv.dispatchtrack.com/track/1531b1b8b0bee4169cf51ae8;Llego a su destino;SER;31/7/2024 08:05;N
M1987656202;https://tracking.goboxful.com?shipment;BFTS-3465-2024073011740;21012;30/7/2024 13:32;3;BFTS-3465-2024073011740;https://c807xpresssv.dispatchtrack.com/track/76d20ed02c26c51ac141387d;Llego a su destino;SER;31/7/2024 07:07;N
M1987755130;https://tracking.goboxful.com?shipment;BFTS-3465-2024073011760;21013;30/7/2024 14:11;3;BFTS-3465-2024073011760;https://c807xpresssv.dispatchtrack.com/track/327a679f05e074276f6d7595;Llego a su destino;;31/7/2024 14:51;N
M1987951160;https://tracking.goboxful.com?shipment;BFTS-3465-2024073011778;21015;30/7/2024 18:40;3;BFTS-3465-2024073011778;https://c807xpresssv.dispatchtrack.com/track/554b1bb07b467219e2595403;Llego a su destino;SER;3/8/2024 11:33;N
M1988089;https://tracking.goboxful.com?shipment;BFTS-3465-2024073011779;21016;30/7/2024 19:36;3;BFTS-3465-2024073011779;https://c807xpresssv.dispatchtrack.com/track/61422844e107ee8dede4d064;Llego a su destino;CCE;1/8/2024 16:00;N
M1988166579;https://tracking.goboxful.com?shipment;BFTS-3465-2024073011782;21017;30/7/2024 20:07;3;BFTS-3465-2024073011782;https://c807xpresssv.dispatchtrack.com/track/bed667c558619564f4d97dbe;Llego a su destino;CCE;2/8/2024 12:06;N
M1988166405;https://tracking.goboxful.com?shipment;BFTS-3465-2024073011784;21018;30/7/2024 21:49;3;BFTS-3465-2024073011784;https://c807xpresssv.dispatchtrack.com/track/c61fd4530f5bd1f018f85d2e;Llego a su destino;CCE;1/8/2024 10:50;N
M198829991;https://tracking.goboxful.com?shipment;BFTS-3465-2024073111791;21019;31/7/2024 06:37;3;BFTS-3465-2024073111791;https://c807xpresssv.dispatchtrack.com/track/ad5eeacc3975fe1015b585fb;Llego a su destino;SER;1/8/2024 08:52;N
M1988265678;https://tracking.goboxful.com?shipment;BFTS-3465-2024073011785;21020;30/7/2024 21:57;3;BFTS-3465-2024073011785;https://c807xpresssv.dispatchtrack.com/track/8a1ed3fc2e527c2fdc2f64e9;Llego a su destino;SER;1/8/2024 08:52;N
M1988353430;https://tracking.goboxful.com?shipment;BFTS-3465-2024073111800;21021;31/7/2024 09:26;3;BFTS-3465-2024073111800;https://c807xpresssv.dispatchtrack.com/track/681be5864e811932d3594eef;Llego a su destino;SER;7/8/2024 13:00;N
M1988312239;https://tracking.goboxful.com?shipment;BFTS-3465-2024073111792;21022;31/7/2024 07:14;3;BFTS-3465-2024073111792;https://c807xpresssv.dispatchtrack.com/track/73e10622454c8b40cf67203a;Llego a su destino;SER;1/8/2024 14:14;N
M1988464559;https://tracking.goboxful.com?shipment;BFTS-3465-2024073111822;21023;31/7/2024 12:27;3;BFTS-3465-2024073111822;https://c807xpresssv.dispatchtrack.com/track/376c5878d024145a56a26eaa;Llego a su destino;SER;2/8/2024 12:35;N
M1988565678;https://tracking.goboxful.com?shipment;BFTS-3465-2024073111821;21025;31/7/2024 12:19;3;BFTS-3465-2024073111821;https://c807xpresssv.dispatchtrack.com/track/abd6371dc22b860dee549f83;Llego a su destino;CCE;1/8/2024 11:07;N
M1988544716;https://tracking.goboxful.com?shipment;BFTS-3465-2024073111820;21026;31/7/2024 12:13;3;BFTS-3465-2024073111820;https://c807xpresssv.dispatchtrack.com/track/526ee77a61ac417cdfbe6ab4;Llego a su destino;CCE;1/8/2024 11:06;N
M1988756961;https://tracking.goboxful.com?shipment;BFTS-3465-2024073111850;21028;31/7/2024 18:39;3;BFTS-3465-2024073111850;https://c807xpresssv.dispatchtrack.com/track/b8196a420aacdd06e6bda381;Llego a su destino;CCE;2/8/2024 08:25;N
M1989159000;https://tracking.goboxful.com?shipment;BFTS-3465-2024073111849;21033;31/7/2024 18:31;3;BFTS-3465-2024073111849;https://c807xpresssv.dispatchtrack.com/track/4c07458742dd7607dfa291dc;Llego a su destino;SER;3/8/2024 09:46;N
M1989366584;https://tracking.goboxful.com?shipment;BFTS-3465-2024073111852;21035;31/7/2024 19:40;3;BFTS-3465-2024073111852;https://c807xpresssv.dispatchtrack.com/track/406d363b704436902f9fdc9f;Llego a su destino;SER;2/8/2024 09:48;N
M1989365744;https://tracking.goboxful.com?shipment;BFTS-3465-2024073111851;21036;31/7/2024 18:48;9;BFTS-3465-2024073111851;https://c807xpresssv.dispatchtrack.com/track/262f245fe81545ef37611ccb;Ingresado al sistema;;31/7/2024 18:48;N
M1989459000;https://tracking.goboxful.com?shipment;BFTS-3465-2024073111853;21038;31/7/2024 19:52;3;BFTS-3465-2024073111853;https://c807xpresssv.dispatchtrack.com/track/40e788f2351a0f12d025cfc6;Llego a su destino;CCE;2/8/2024 08:26;N
M1989563597;https://tracking.goboxful.com?shipment;BFTS-3465-2024073111854;21039;31/7/2024 19:58;3;BFTS-3465-2024073111854;https://c807xpresssv.dispatchtrack.com/track/15f4e1eba1d63460a066ff28;Llego a su destino;SER;2/8/2024 15:40;N
M1989555831;https://tracking.goboxful.com?shipment;BFTS-3465-2024073111855;21040;31/7/2024 20:06;4;BFTS-3465-2024073111855;https://c807xpresssv.dispatchtrack.com/track/c320c62c598971eb41c03cb9;Ingresado al sistema;;31/7/2024 20:06;N
M1989659000;https://tracking.goboxful.com?shipment;BFTS-3465-2024073111856;21041;31/7/2024 20:24;3;BFTS-3465-2024073111856;https://c807xpresssv.dispatchtrack.com/track/0bbf05def740109803331480;Llego a su destino;CCE;2/8/2024 14:55;N
M1989753534;https://tracking.goboxful.com?shipment;BFTS-3465-2024073111859;21043;31/7/2024 21:50;3;BFTS-3465-2024073111859;https://c807xpresssv.dispatchtrack.com/track/7973e4a894a9b377618f0b82;Llego a su destino;CCE;2/8/2024 08:27;N
M1989856202;https://tracking.goboxful.com?shipment;BFTS-3465-2024073111858;21044;31/7/2024 21:31;3;BFTS-3465-2024073111858;https://c807xpresssv.dispatchtrack.com/track/3badeb28e5dc96e520a797df;Llego a su destino;CCE;2/8/2024 10:16;N
M1990165678;https://tracking.goboxful.com?shipment;BFTS-3465-2024073111868;21048;31/7/2024 22:20;3;BFTS-3465-2024073111868;https://c807xpresssv.dispatchtrack.com/track/4f83f5d07e9ad3ec12f0e9be;Llego a su destino;CCE;2/8/2024 10:34;N
